id_feu,unidad_regional,siniestro_fecha,siniestro_hora,provincia,id_provincia,departamento,id_departamento,localidad,zona_ocurrencia,via_publica,nombre_via,altura_km,entre_calle_1,entre_calle_2,latitud,longitud,ilesos,heridos,fallecidos,vehiculos,peatones,tipo_siniestro_multiple,tipo_siniestro_unico,despiste_previo,tipo_siniestro_otro,tipo_colision,cantidad_de_involucrados,trazado_via,configuracion_de_la_via,configuracion_de_la_via_otro_tipo,pendiente_declive,cono_de_vision,material_de_la_calzada,material_de_la_calzada_otro,estado_de_la_calzada,estado_fisico_ambiental,estado_de_conservacion_otro,division_fisica_de_la_via,division_fisica_de_la_via_otro,barreras_de_seguridad,banquinas,senalizacion_carteleria,senalizacion_horizontal,senalizacion_transitoria,luminosidad,luz_artificial,transito_restringido,estado_ambiental,visibilidad,visibilidad_otro,semaforo
49392,OBSERVATORIO VIAL,2019-10-16,13:08:00,CORRIENTES,18,CAPITAL,21,CORRIENTES,Urbana,Calle,CIRILO BLANCO,2975,TURIN,,-2.749.925,-5.878.501,1,2,0,2,0,,,S/D,,,2,Recta,Intersección / cruce,,NO,,Hormigón,,Apto,Seca,,Ninguna,,,,No,No,No,Día,NO,Sin Restricción,Despejado,Buena,,Sin Semáforo
49547,OBSERVATORIO VIAL,2019-10-15,1:40:00,CORRIENTES,18,CAPITAL,21,CORRIENTES,Urbana,Avenida,AV POMAR,700,,,-2.747.018,-5.880.565,1,0,0,1,0,"Choque, Colisión entre vehículos",Colisión entre vehículos,S/D,CHOQUE CONTRA ALUMBRADO PUBLICO,"Columna, Frontal",1,Recta,Fuera de calzada,,NO,,Hormigón,,Apto,"Despejada, Seca",,,,,,Si,S/D,S/D,Noche,SI,Sin Restricción,,Buena,,No Funciona
49611,OBSERVATORIO VIAL,2019-10-15,1:30:00,CORRIENTES,18,CAPITAL,21,CORRIENTES,Urbana,Calle,GUEMES,1300,SUIZA,,-2.747.705,-5.880.715,1,1,0,2,0,Colisión entre vehículos,Colisión entre vehículos,S/D,,Alcance,2,Recta,Intersección / cruce,,NO,,Hormigón,,Apto,Seca,,Ninguna,,,,Si,No,No,Noche,SI,,Nublado,Buena,,Sin Semáforo
54456,OBSERVATORIO VIAL,2019-10-15,8:50:00,CORRIENTES,18,CAPITAL,21,CORRIENTES,Urbana,Avenida,AV MAIPU,2500,,,-2.749.715,-5.881.598,2,0,0,2,0,Colisión entre vehículos,Colisión entre vehículos,S/D,,,2,Recta,Intersección / cruce,,NO,,Asfalto,,Apto,"Despejada, Seca",,Ninguna,,,,Si,No,No,Día,NO,,Despejado,Buena,,Sin Semáforo
67515,OBSERVATORIO VIAL,2019-10-13,8:15:00,CORRIENTES,18,CAPITAL,21,CORRIENTES,Urbana,Avenida,AV C ORRENTINOS,3900,RESOAGLI,,-2.748.671,-5.880.510,1,1,0,2,0,Colisión entre vehículos,Colisión entre vehículos,S/D,,,2,Recta,Intersección / cruce,,NO,,Asfalto,,Apto,"Despejada, Seca",,Ninguna,,,,S/D,S/D,S/D,Día,NO,Sin Restricción,Despejado,Buena,,Sin Semáforo
49261,OBSERVATORIO VIAL,2019-10-13,19:02:00,CORRIENTES,18,CAPITAL,21,CORRIENTES,Urbana,Avenida,AV CAZADORES CORRENTINO,3400,CASTELLI,FRANCIA,-2.748.715,-5.881.102,1,1,0,2,0,Colisión entre vehículos,Colisión entre vehículos,S/D,,,2,Recta,Intersección / cruce,,NO,,Asfalto,,Apto,Seca,,Ninguna,,,,S/D,S/D,S/D,Atardecer,NO,Sin Restricción,Despejado,Buena,,Sin Semáforo
49346,OBSERVATORIO VIAL,2019-10-12,17:40:00,CORRIENTES,18,CAPITAL,21,CORRIENTES,Urbana,Avenida,AVENIDA 3 DE ABRIL,1300,CORDOBA,,-2.747.594,-5.883.536,2,1,0,2,0,Colisión entre vehículos,Colisión entre vehículos,S/D,,Angulo,2,Recta,Intersección / cruce,,NO,,Hormigón,,Apto,Seca,,Cordón Divisorio,,,,Si,Si,No,Día,NO,Sin Restricción,Nublado,Buena,,Funciona
49495,OBSERVATORIO VIAL,2019-10-11,6:00:00,CORRIENTES,18,CAPITAL,21,CORRIENTES,Urbana,Avenida,AV ARMENIA,2985,AV CHACABUCO,,-2.746.746,-5.881.184,0,2,0,2,0,Colisión entre vehículos,Colisión entre vehículos,S/D,,Angulo,2,Recta,Intersección / cruce,,NO,,Asfalto,,Apto,Seca,,Ninguna,,,,Si,Si,No,Atardecer,SI,Sin Restricción,Despejado,,,Funciona
49512,OBSERVATORIO VIAL,2019-10-11,8:15:00,CORRIENTES,18,CAPITAL,21,CORRIENTES,Urbana,Avenida,AV TENIENTE IBAÑEZ,1400,VARGAS GOMEZ,,-2.748.566,-5.883.523,1,1,0,2,0,Colisión entre vehículos,Colisión entre vehículos,S/D,,Frontal,2,Recta,Intersección / cruce,,NO,,Asfalto,,Apto,Seca,,Ninguna,,,,No,No,No,Día,NO,Sin Restricción,Despejado,Buena,,Sin Semáforo
49284,OBSERVATORIO VIAL,2019-10-11,22:30:00,CORRIENTES,18,CAPITAL,21,CORRIENTES,Urbana,Avenida,AV CHACABUCO,2000,GRAL PAZ,,-2.748.099,-5.881.518,1,1,0,2,0,Colisión entre vehículos,Colisión entre vehículos,S/D,,Angulo,2,Recta,Intersección / cruce,,NO,,Hormigón,,Apto,Seca,,Cordón Divisorio,,,,Si,Si,Si,Noche,SI,,Despejado,Buena,,Funciona
54492,OBSERVATORIO VIAL,2019-10-10,10:30:00,CORRIENTES,18,CAPITAL,21,CORRIENTES,Urbana,Calle,MADARIAGA,798,,,-2.748.234,-5.884.275,1,1,0,2,0,"Colisión entre vehículos, Despiste",Colisión entre vehículos,Si,,,2,Recta,Intersección / cruce,,NO,,Hormigón,,Apto,Seca,,Cordón Divisorio,,,,No,No,No,Día,NO,,Despejado,Buena,,Sin Semáforo
62884,OBSERVATORIO VIAL,2019-10-10,15:15:00,CORRIENTES,18,CAPITAL,21,CORRIENTES,Urbana,Avenida,PTE. JUAN D. PERON,4698,MEDRANO,,-2.748.817,-5.879.522,2,1,0,2,0,Colisión entre vehículos,Colisión entre vehículos,S/D,,Angulo,2,Recta,Intersección / cruce,,NO,,,,,,,Ninguna,,,,Si,No,No,,NO,Sin Restricción,Despejado,Buena,,Funciona
67705,OBSERVATORIO VIAL,2019-10-10,7:05:00,CORRIENTES,18,CAPITAL,21,CORRIENTES,Urbana,Avenida,AV TTE IBAÑEZ,1092,,,-2.748.526,-5.883.993,1,0,0,1,0,Colisión entre vehículos,Colisión entre vehículos,S/D,,Frontal,1,Recta,Intersección / cruce,,NO,,Hormigón,,Apto,Seca,,Ninguna,,,,Si,S/D,S/D,Día,NO,Sin Restricción,Despejado,Buena,,Sin Semáforo
49359,OBSERVATORIO VIAL,2019-10-09,4:20:00,CORRIENTES,18,CAPITAL,21,CORRIENTES,Urbana,Avenida,AVENIDA CAZADORES CORRENTINOS,5500,GROUSSAC,,-2.748.966,-5.878.778,0,1,0,1,0,Caída desde vehículo,Caída desde vehículo,S/D,,,1,Recta,Intersección / cruce,,NO,,Asfalto,,Apto,Seca,,Ninguna,,,,,,,Amanecer,SI,,Despejado,Buena,,
49484,OBSERVATORIO VIAL,2019-10-09,8:40:00,CORRIENTES,18,CAPITAL,21,CORRIENTES,Urbana,Avenida,AV ARMENIA,3800,,,-2.746.799,-5.880.428,2,0,0,2,0,Colisión entre vehículos,Colisión entre vehículos,S/D,,,2,Recta,Intersección / cruce,,NO,,Asfalto,,Apto,Mojada,,Ninguna,,,,S/D,S/D,S/D,Día,NO,Sin Restricción,Lluvia,Buena,,Sin Semáforo
49494,OBSERVATORIO VIAL,2019-10-08,11:45:00,CORRIENTES,18,CAPITAL,21,CORRIENTES,Urbana,Calle,LAVALLE,1700,ELIAS ABAD,,-2.747.557,-5.884.831,1,2,0,2,0,Colisión entre vehículos,Colisión entre vehículos,S/D,,Rozamiento,2,Recta,Intersección / cruce,,NO,,Hormigón,,Apto,Seca,,Ninguna,,,,Si,No,No,Día,NO,Sin Restricción,Despejado,Buena,,Sin Semáforo
67707,OBSERVATORIO VIAL,2019-10-08,6:50:00,CORRIENTES,18,CAPITAL,21,CORRIENTES,Urbana,Avenida,AV MAIPU,1500,SANTA CATALINA,,-2.749.156,-5.881.971,0,2,0,2,0,Colisión entre vehículos,Colisión entre vehículos,S/D,,Angulo,2,Recta,Intersección / cruce,,NO,,Asfalto,,Apto,Seca,,Ninguna,,,,S/D,S/D,S/D,Día,NO,Sin Restricción,Despejado,Buena,,Sin Semáforo
49581,OBSERVATORIO VIAL,2019-10-08,9:15:00,CORRIENTES,18,CAPITAL,21,CORRIENTES,Urbana,Calle,GUEMES,1700,GRAL PAZ,,-2.748.193,-5.880.801,1,1,0,2,0,Colisión entre vehículos,Colisión entre vehículos,S/D,,Angulo,2,Recta,Intersección / cruce,,NO,,Hormigón,,Apto,Seca,,Ninguna,,,,Si,No,No,Día,NO,Sin Restricción,Despejado,Buena,,Sin Semáforo
49416,OBSERVATORIO VIAL,2019-10-08,9:20:00,CORRIENTES,18,CAPITAL,21,CORRIENTES,Urbana,Avenida,AVENIDA GOBERNADOR RUIZ,2600,PLAYA MIRAMAR,,-2.746.724,-5.881.736,0,2,0,2,0,Colisión entre vehículos,Colisión entre vehículos,S/D,,Rozamiento,2,Curva,Intersección / cruce,,NO,,Asfalto,,Apto,"Despejada, Seca",,Cordón Divisorio,,,,Si,Si,No,Día,NO,Sin Restricción,Despejado,Buena,,Sin Semáforo
49395,OBSERVATORIO VIAL,2019-10-06,13:00:00,CORRIENTES,18,CAPITAL,21,CORRIENTES,Urbana,Avenida,AV CAZADORES CORRENTINO,4000,OBISPO NIELLA,,-2.748.685,-5.880.391,1,1,0,2,0,Colisión entre vehículos,Colisión entre vehículos,S/D,,Alcance,2,Recta,Intersección / cruce,,NO,,Asfalto,,Apto,Seca,,Ninguna,,,,No,No,Si,Día,SI,Sin Restricción,Despejado,Buena,,Sin Semáforo
54496,OBSERVATORIO VIAL,2019-10-06,20:00:00,CORRIENTES,18,CAPITAL,21,CORRIENTES,Urbana,Avenida,AV ALTA GRACIA,3000,,,-2.750.786,-5.881.202,2,0,0,2,0,Colisión entre vehículos,Colisión entre vehículos,S/D,,,2,Recta,Intersección / cruce,,NO,,Hormigón,,Apto,Seca,,Ninguna,,,,S/D,S/D,S/D,Noche,SI,Sin Restricción,Despejado,Buena,,Sin Semáforo
49387,OBSERVATORIO VIAL,2019-10-06,14:40:00,CORRIENTES,18,CAPITAL,21,CORRIENTES,Urbana,Calle,COLOMBIA,1000,SAN MARTIN,,-2.747.172,-5.881.698,1,1,0,2,0,Colisión entre vehículos,Colisión entre vehículos,S/D,,Angulo,2,Recta,Intersección / cruce,,NO,,Asfalto,,Apto,"Despejada, Seca",,Ninguna,,,,Si,No,No,Día,NO,,Despejado,,,Sin Semáforo
49444,OBSERVATORIO VIAL,2019-10-05,8:00:00,CORRIENTES,18,CAPITAL,21,CORRIENTES,Urbana,Avenida,AVENIDA MAIPU,2500,ACONCAGUA,,-2.749.822,-5.881.528,1,1,0,2,0,Colisión entre vehículos,Colisión entre vehículos,S/D,,Alcance,2,Recta,Intersección / cruce,,NO,,Asfalto,,Apto,Seca,,Vegetación,,,,Si,,No,Día,NO,Sin Restricción,Nublado,Buena,,Funciona
49328,OBSERVATORIO VIAL,2019-10-04,17:30:00,CORRIENTES,18,CAPITAL,21,CORRIENTES,Urbana,Avenida,AVENIDA INDEPENDENCIA,3200,JUAN JOSE PASO,,-2.747.906,-5.881.123,2,0,0,2,0,Colisión entre vehículos,Colisión entre vehículos,S/D,,Alcance,2,Recta,Intersección / cruce,,NO,,Hormigón,,Apto,Seca,,Ninguna,,,,S/D,S/D,S/D,Día,NO,Sin Restricción,Despejado,Buena,,Funciona
49237,OBSERVATORIO VIAL,2019-10-03,11:30:00,CORRIENTES,18,CAPITAL,21,CORRIENTES,Urbana,Avenida,AV. TRES DE ABRIL,400,MISIONES,,-2.747.444,-5.884.617,0,2,0,2,0,Colisión entre vehículos,Colisión entre vehículos,S/D,,,2,Recta,Intersección / cruce,,NO,,Hormigón,,Apto,Seca,,Cordón Divisorio,,,,Si,Si,No,Día,NO,Sin Restricción,"Despejado, Viento",Buena,,Funciona
55782,OBSERVATORIO VIAL,2019-10-03,10:40:00,CORRIENTES,18,CAPITAL,21,CORRIENTES,Urbana,Calle,LA RIOJA,1000,SAN MARTIN,,-2.746.964,-5.883.830,1,1,0,2,0,Colisión entre vehículos,Colisión entre vehículos,S/D,,Angulo,2,Recta,Intersección / cruce,,NO,,Asfalto,,Apto,Seca,,Ninguna,,,,Si,Si,No,Día,NO,Sin Restricción,Despejado,Buena,,Sin Semáforo
58523,OBSERVATORIO VIAL,2019-10-02,11:25:00,CORRIENTES,18,CAPITAL,21,CORRIENTES,Urbana,Avenida,ARMENIA,3900,,,-2.746.885,-5.880.171,1,1,0,2,0,Colisión entre vehículos,Colisión entre vehículos,S/D,,Alcance,2,Recta,,,NO,,Asfalto,,Apto,Seca,,Ninguna,,,,S/D,S/D,S/D,Día,NO,Sin Restricción,Despejado,Buena,,Sin Semáforo
67704,OBSERVATORIO VIAL,2019-10-02,13:50:00,CORRIENTES,18,CAPITAL,21,CORRIENTES,Urbana,Avenida,AV RAFAELA,1800,BONASTRE,,-2.749.666,-5.883.059,1,1,0,2,0,Colisión entre vehículos,Colisión entre vehículos,S/D,,Angulo,2,Recta,Intersección / cruce,,NO,,Asfalto,,Apto,Seca,,Ninguna,,,,S/D,S/D,S/D,Día,NO,Sin Restricción,Despejado,Buena,,Sin Semáforo
68738,Observatorio Vial,2019-09-30,2:30:00,CORRIENTES,18,CAPITAL,21,CORRIENTES,Urbana,Calle,Santa fe,600,Quintana,Pdo. Martinez,-2.746.419,-5.883.003,2,0,0,2,0,Colisión entre vehículos,Colisión entre vehículos,S/D,,Angulo,2,Recta,,Mitad de cuadra,NO,,Asfalto,,Apto,Seca,,,,,,No,No,No,Noche,SI,Sin Restricción,Despejado,Buena,,Sin Semáforo
49388,OBSERVATORIO VIAL,2019-09-30,13:20:00,CORRIENTES,18,CAPITAL,21,CORRIENTES,Urbana,Avenida,AVENIDA 3 DE ABRIL,1000,RIOJA,,-2.747.538,-5.883.890,1,1,0,2,0,Colisión entre vehículos,Colisión entre vehículos,S/D,,Angulo,2,Recta,Intersección / cruce,,NO,,Asfalto,,Apto,Seca,,Cordón Divisorio,,,,Si,Si,No,Día,NO,Sin Restricción,Despejado,Buena,,Funciona
57117,OBSERVATORIO VIAL,2019-09-29,1:30:00,CORRIENTES,18,CAPITAL,21,CORRIENTES,Urbana,Avenida,AVENIDA CAZADORES CORRENTINOS,4400,MEDRANO,,-2.748.768,-5.879.939,1,2,0,2,0,Colisión entre vehículos,Colisión entre vehículos,S/D,,Lateral,2,Recta,Intersección / cruce,,NO,,Hormigón,,Apto,Seca,,Cordón Divisorio,,,,Si,No,No,Noche,SI,Sin Restricción,Despejado,Buena,,Funciona
52269,OBSERVATORIO VIAL,2019-09-29,9:20:00,CORRIENTES,18,CAPITAL,21,CORRIENTES,Urbana,Calle,LA RIOJA,1200,BOLIVAR,,-2.747.078,-5.883.839,2,0,0,2,0,Colisión entre vehículos,Colisión entre vehículos,S/D,,Alcance,2,Recta,Intersección / cruce,,NO,,Asfalto,,Apto,"Despejada, Seca",,Ninguna,,,,Si,Si,No,Día,,Sin Restricción,Despejado,Buena,,Sin Semáforo
53931,OBSERVATORIO VIAL,2019-09-28,11:38:00,CORRIENTES,18,CAPITAL,21,CORRIENTES,Urbana,Avenida,3 DE abril,1400,CATAMARCA,,-2.747.626,-5.883.389,1,1,0,2,0,Colisión entre vehículos,Colisión entre vehículos,S/D,,,2,Recta,,,NO,,Hormigón,,Apto,Despejada,,,,,,Si,Si,No,,NO,Sin Restricción,,,,Funciona
49474,OBSERVATORIO VIAL,2019-09-27,11:45:00,CORRIENTES,18,CAPITAL,21,CORRIENTES,Urbana,Calle,CATAMARCA,1400,BELGRANO,,-2.747.233,-5.883.357,2,0,0,2,0,Colisión entre vehículos,Colisión entre vehículos,S/D,,Angulo,2,Recta,,,NO,,Hormigón,,Apto,Seca,,Ninguna,,,,Si,Si,No,Día,NO,Sin Restricción,Despejado,Buena,,Sin Semáforo
49615,OBSERVATORIO VIAL,2019-09-27,23:40:00,CORRIENTES,18,CAPITAL,21,CORRIENTES,Urbana,Calle,GUTEMBERG,1700,GRAL PAZ,,-2.747.894,-5.883.170,1,1,0,2,0,Colisión entre vehículos,Colisión entre vehículos,S/D,,Rozamiento,2,Recta,Intersección / cruce,,,,Asfalto,,Apto,Seca,,Ninguna,,,,S/D,S/D,S/D,Noche,SI,,Despejado,,,Sin Semáforo
68433,Observatorio Vial,2019-09-27,13:00:00,CORRIENTES,18,CAPITAL,21,CORRIENTES,Urbana,Avenida,Plumerillo,1700,,,-2.747.887,-5.882.933,1,1,0,2,0,"Colisión entre vehículos, Vuelco (solo 1 participante)",Colisión entre vehículos,S/D,,Angulo,2,Recta,Intersección / cruce,,NO,,Asfalto,,Apto,Seca,,Cordón Divisorio,,,,Si,,,,NO,,Despejado,Buena,,Sin Semáforo
49214,OBSERVATORIO VIAL,2019-09-27,10:15:00,CORRIENTES,18,CAPITAL,21,CORRIENTES,Urbana,Calle,AYACUCHO,2340,,,-2.747.015,-5.882.118,2,0,0,2,0,Colisión entre vehículos,Colisión entre vehículos,S/D,,Frontal,2,Recta,,RECTA,NO,,Hormigón,,Apto,Seca,,Ninguna,,,,Si,Si,No,Día,NO,Sin Restricción,Nublado,Buena,,Sin Semáforo
53854,OBSERVATORIO VIAL,2019-09-26,19:00:00,CORRIENTES,18,CAPITAL,21,CORRIENTES,Urbana,Avenida,AV PEDRO FERRE,2000,,,-2.747.714,-5.882.629,2,0,0,2,0,Colisión entre vehículos,Colisión entre vehículos,S/D,,Lateral,2,Recta,Intersección / cruce,,NO,,Asfalto,,Apto,,,Ninguna,,,,No,No,No,Noche,SI,Sin Restricción,Despejado,Buena,,Sin Semáforo
53852,OBSERVATORIO VIAL,2019-09-26,20:15:00,CORRIENTES,18,CAPITAL,21,CORRIENTES,Urbana,Calle,MEDRANO,1100,ESTADO DE ISRAEL,,-2.747.606,-5.879.737,1,1,0,2,0,Colisión entre vehículos,Colisión entre vehículos,S/D,,,2,Recta,Intersección / cruce,,NO,,Hormigón,,Apto,Seca,,Ninguna,,,,No,No,No,Noche,,Sin Restricción,Lluvia,Lluvia,,Sin Semáforo
62898,OBSERVATORIO VIAL,2019-09-24,14:30:00,CORRIENTES,18,CAPITAL,21,CORRIENTES,Urbana,Calle,JUJUY,1101,SAN MARTIN,,-2.747.063,-5.882.817,2,0,0,2,0,Colisión entre vehículos,Colisión entre vehículos,S/D,,Angulo,2,Recta,Intersección / cruce,,NO,,Asfalto,,,Seca,,Ninguna,,,,No,No,No,Día,NO,Sin Restricción,Nublado,Buena,,Sin Semáforo
49232,OBSERVATORIO VIAL,2019-09-23,18:30:00,CORRIENTES,18,CAPITAL,21,CORRIENTES,Urbana,Calle,ALMIRANTE BROWN,2700,COLOMBIA,,-2.747.399,-5.881.747,2,0,0,2,0,Colisión entre vehículos,Colisión entre vehículos,S/D,,,2,Recta,Intersección / cruce,,NO,,Hormigón,,Apto,Seca,,Ninguna,,,,No,No,No,Día,,Sin Restricción,Despejado,Buena,,Sin Semáforo
64839,OBSERVATORIO  VIAL,2019-09-22,13:20:00,CORRIENTES,18,CAPITAL,21,CORRIENTES,Urbana,Calle,25 DE mayo,1630,SANTA FE,ESPAÑA,-2.746.498,-5.882.964,1,1,0,2,0,Colisión entre vehículos,Colisión entre vehículos,S/D,,Alcance,2,Recta,,,NO,,Asfalto,,Apto,Seca,,Ninguna,,,,No,No,S/D,Día,NO,Sin Restricción,Despejado,Buena,,Sin Semáforo
49481,OBSERVATORIO VIAL,2019-09-21,19:35:00,CORRIENTES,18,CAPITAL,21,CORRIENTES,Urbana,Calle,MENDOZA,2200,LAMADRID,,-2.748.181,-5.883.728,2,0,0,2,0,Colisión entre vehículos,Colisión entre vehículos,S/D,,,2,Recta,Intersección / cruce,,NO,,Asfalto,,Apto,Seca,,Ninguna,,,,No,No,No,Atardecer,SI,Sin Restricción,Lluvia,,,Sin Semáforo
49302,OBSERVATORIO VIAL,2019-09-21,14:35:00,CORRIENTES,18,CAPITAL,21,CORRIENTES,Urbana,Avenida,RAUL ALFONSIN,4200,LAS PIEDRAS,,-2.747.458,-5.879.948,2,1,0,2,0,Colisión entre vehículos,Colisión entre vehículos,S/D,,Angulo,2,Recta,Intersección / cruce,,NO,,Hormigón,,Apto,Seca,,Cordón Divisorio,,,,Si,No,No,Día,NO,Sin Restricción,Despejado,Buena,,Sin Semáforo
49548,OBSERVATORIO VIAL,2019-09-20,20:30:00,CORRIENTES,18,CAPITAL,21,CORRIENTES,Urbana,Avenida,MAIPU,KILOMETRO 6,,,-2.751.432,-5.880.672,1,2,0,3,0,Colisión entre vehículos,Colisión entre vehículos,S/D,,Alcance,3,Recta,Intersección / cruce,,NO,,Asfalto,,Apto,Despejada,,Cordón Divisorio,,,,S/D,S/D,S/D,Noche,SI,Sin Restricción,Lluvia,Lluvia,,Sin Semáforo
49378,OBSERVATORIO VIAL,2019-09-20,9:45:00,CORRIENTES,18,CAPITAL,21,CORRIENTES,Urbana,Calle,ESPAÑA,1700,BOLIVAR,,-2.747.166,-5.882.963,2,0,0,2,0,Colisión entre vehículos,Colisión entre vehículos,S/D,,Angulo,2,Recta,Intersección / cruce,,NO,,Asfalto,,Apto,Seca,,Ninguna,,,,S/D,S/D,S/D,Día,NO,Sin Restricción,Despejado,Buena,,Sin Semáforo
49422,OBSERVATORIO VIAL,2019-09-20,5:40:00,CORRIENTES,18,CAPITAL,21,CORRIENTES,Urbana,Avenida,AVENIDA CENTENARIO,3800,TACUARI,,-2.747.298,-5.880.531,0,3,0,1,0,Caída desde vehículo,Caída desde vehículo,S/D,,,1,Recta,Intersección / cruce,,NO,,Asfalto,,Apto,Seca,,Cordón Divisorio,,,,Si,S/D,S/D,Amanecer,SI,,Despejado,Buena,,Funciona
49437,OBSERVATORIO VIAL,2019-09-20,14:25:00,CORRIENTES,18,CAPITAL,21,CORRIENTES,Urbana,Avenida,RAFAELA,2000,ESTRADA,,-2.749.632,-5.883.241,2,0,0,2,0,Colisión entre vehículos,Colisión entre vehículos,S/D,,,2,Recta,Intersección / cruce,,NO,,Asfalto,,Apto,"Despejada, Seca",,Ninguna,,,,No,No,No,Día,NO,Sin Restricción,Despejado,Buena,,Sin Semáforo
53679,OBSERVATORIO VIAL,2019-09-20,6:00:00,CORRIENTES,18,CAPITAL,21,CORRIENTES,Urbana,Calle,MISIONES,2798,LAS HERAS,,-2.748.279,-5.881.805,0,2,0,2,0,"Colisión entre vehículos, Despiste",Colisión entre vehículos,Si,,Angulo,2,Recta,Intersección / cruce,,NO,,Hormigón,,Apto,Seca,,Ninguna,,,,No,No,No,Amanecer,SI,Sin Restricción,Nublado,Buena,,Sin Semáforo
49508,OBSERVATORIO VIAL,2019-09-18,1:15:00,CORRIENTES,18,CAPITAL,21,CORRIENTES,Urbana,Avenida,AV IV CENTENARIO,3100,MAGALLANES,,-2.749.259,-5.883.807,1,1,0,2,0,Colisión entre vehículos,Colisión entre vehículos,S/D,,Alcance,2,Recta,Intersección / cruce,,NO,,Hormigón,,Apto,Mojada,,Ninguna,,,,S/D,S/D,S/D,Noche,SI,Sin Restricción,Lluvia,Lluvia,,Sin Semáforo
62910,OBSERVATORIO  VIAL,2019-09-17,19:20:00,CORRIENTES,18,CAPITAL,21,CORRIENTES,Urbana,Avenida,INDEPENDENCIA,3020,RECONQUISTA,,-2.747.862,-5.881.346,1,1,0,1,1,Atropello a peatón/es,Atropello a peatón/es,S/D,,,2,Recta,Intersección / cruce,,,,Hormigón,,Apto,Seca,,Ninguna,,,,No,No,No,Día,NO,,Despejado,Buena,,Sin Semáforo
67493,OBSERVATORIO VIAL,2019-09-17,11:30:00,CORRIENTES,18,CAPITAL,21,CORRIENTES,Urbana,Avenida,AV LAPRIDA,5000,CARACAS,,-2.747.561,-5.878.842,0,3,0,1,0,Caída desde vehículo,Caída desde vehículo,S/D,,,1,Recta,Intersección / cruce,,NO,,Hormigón,,Apto,Seca,,Ninguna,,,,S/D,S/D,S/D,Día,NO,Sin Restricción,Despejado,Buena,,Sin Semáforo
49258,OBSERVATORIO VIAL,2019-09-16,8:00:00,CORRIENTES,18,CAPITAL,21,CORRIENTES,Urbana,Avenida,AV FERRE,2100,BRASIL,,-2.747.714,-5.882.507,2,0,0,2,0,Colisión entre vehículos,Colisión entre vehículos,S/D,,,2,Recta,Intersección / cruce,,NO,,Hormigón,,Apto,Seca,,Ninguna,,,,S/D,S/D,S/D,Día,NO,Sin Restricción,Despejado,Buena,,Funciona
49278,OBSERVATORIO VIAL,2019-09-16,7:25:00,CORRIENTES,18,CAPITAL,21,CORRIENTES,Urbana,Calle,BUENOS AIRES,700,CARLOS PELLEGRINI,,-2.746.495,-5.884.035,2,0,0,2,0,Colisión entre vehículos,Colisión entre vehículos,S/D,,Angulo,2,Recta,Intersección / cruce,,NO,,Asfalto,,Apto,Seca,,Ninguna,,,,No,No,No,Día,NO,Sin Restricción,Despejado,Buena,,Sin Semáforo
49554,OBSERVATORIO VIAL,2019-09-16,12:10:00,CORRIENTES,18,CAPITAL,21,CORRIENTES,Urbana,Avenida,AVENIDA FERRE,2800,CHILE,,-2.747.835,-5.881.728,3,1,0,2,0,Colisión entre vehículos,Colisión entre vehículos,S/D,,Alcance,2,Recta,Intersección / cruce,,NO,,Hormigón,,Baches,Seca,,Ninguna,,,,Si,S/D,Si,Día,NO,Obra en Construcción,Despejado,Buena,,Funciona
49559,OBSERVATORIO VIAL,2019-09-16,11:00:00,CORRIENTES,18,CAPITAL,21,CORRIENTES,Urbana,Avenida,AVENIDA FERRE,2200,PERU,,-2.747.757,-5.882.245,2,0,0,2,0,Colisión entre vehículos,Colisión entre vehículos,S/D,,Alcance,2,Recta,Intersección / cruce,,NO,,Hormigón,,Apto,Seca,,Ninguna,,,,Si,Si,No,Día,NO,,Despejado,,,Sin Semáforo
49332,OBSERVAORIO VIAL,2019-09-16,0:31:00,CORRIENTES,18,CAPITAL,21,CORRIENTES,Urbana,Avenida,AVENIDA INDEPENDENCIA,1700,ESPAÑA,,-2.747.626,-5.883.007,1,1,0,2,0,Colisión entre vehículos,Colisión entre vehículos,S/D,,Angulo,2,Recta,Intersección / cruce,,NO,,Hormigón,,Apto,Seca,,Ninguna,,,,S/D,S/D,S/D,Noche,SI,Sin Restricción,Despejado,Buena,,Funciona
49540,OBSERVATORIO VIAL,2019-09-13,19:15:00,CORRIENTES,18,CAPITAL,21,CORRIENTES,Urbana,Avenida,AVENIDA MAIPU,1800,TILCARA,,-2.749.842,-5.881.526,2,1,0,3,0,Colisión entre vehículos,Colisión entre vehículos,S/D,,Rozamiento,3,Recta,Intersección / cruce,,NO,,Hormigón,,Apto,Mojada,,Ninguna,,,,No,No,No,Noche,SI,Sin Restricción,Nublado,Buena,,Sin Semáforo