id_feu,unidad_regional,siniestro_fecha,siniestro_hora,provincia,id_provincia,departamento,id_departamento,localidad,zona_ocurrencia,via_publica,nombre_via,altura_km,entre_calle_1,entre_calle_2,latitud,longitud,ilesos,heridos,fallecidos,vehiculos,peatones,tipo_siniestro_multiple,tipo_siniestro_unico,despiste_previo,tipo_siniestro_otro,tipo_colision,cantidad_de_involucrados,trazado_via,configuracion_de_la_via,configuracion_de_la_via_otro_tipo,pendiente_declive,cono_de_vision,material_de_la_calzada,material_de_la_calzada_otro,estado_de_la_calzada,estado_fisico_ambiental,estado_de_conservacion_otro,division_fisica_de_la_via,division_fisica_de_la_via_otro,barreras_de_seguridad,banquinas,senalizacion_carteleria,senalizacion_horizontal,senalizacion_transitoria,luminosidad,luz_artificial,transito_restringido,estado_ambiental,visibilidad,visibilidad_otro,semaforo
53785,OBSERVATORIO VIAL,2019-08-01,23:45:00,CORRIENTES,18,CAPITAL,21,CORRIENTES,Urbana,Avenida,AVENIDA CHACABUCO,2100,LAMADRID,,-2.748.406,-5.881.591,1,1,0,2,0,Colisión entre vehículos,Colisión entre vehículos,S/D,,Angulo,2,Recta,Intersección / cruce,,NO,,Hormigón,,Apto,Mojada,,,,,,No,No,No,Noche,SI,,Lluvia,Lluvia,,Sin Semáforo
49335,OBSERVATORIO VIAL,2019-07-30,9:30:00,CORRIENTES,18,CAPITAL,21,CORRIENTES,Urbana,Calle,JUNIN,1990,,,-2.746.870,-5.882.555,2,0,0,2,0,Colisión entre vehículos,Colisión entre vehículos,S/D,,Alcance,2,Recta,Intersección / cruce,,NO,,Asfalto,,Apto,,,Ninguna,,,,S/D,S/D,S/D,Día,NO,,Despejado,Buena,,Sin Semáforo
49496,OBSERVATORIO VIAL,2019-07-29,8:15:00,CORRIENTES,18,CAPITAL,21,CORRIENTES,Urbana,Avenida,AV 3 DE ABRIL,100,BAJADA DEL PUENTE,,-2.747.426,-5.884.979,1,0,0,1,0,"Despiste, Vuelco (solo 1 participante)",Vuelco (solo 1 participante),Si,,,1,Curva,Puente,BAJADA DEL PUENTE,NO,,Hormigón,,Apto,Seca,,Ninguna,,,,No,No,No,Día,SI,Sin Restricción,Despejado,Buena,,Sin Semáforo
49472,OBSERVATORIO VIAL,2019-07-26,8:10:00,CORRIENTES,18,CAPITAL,21,CORRIENTES,Urbana,Avenida,AVENIDA MAIPU,1700,ASUNCION,,-2.749.118,-5.881.981,1,1,0,2,0,Colisión entre vehículos,Colisión entre vehículos,S/D,,Alcance,2,Recta,Intersección / cruce,,NO,,Asfalto,,Apto,Seca,,Ninguna,,,,Si,Si,No,Día,NO,Sin Restricción,Despejado,Buena,,Funciona
67697,OBSERVATORIO VIAL,2019-07-26,8:40:00,CORRIENTES,18,CAPITAL,21,CORRIENTES,Urbana,Calle,25 DE mayo,1400,CATAMARCA,,-2.746.463,-5.883.270,2,1,0,2,0,Colisión entre vehículos,Colisión entre vehículos,S/D,,Angulo,2,Recta,Intersección / cruce,,NO,,,,Apto,Seca,,Ninguna,,,,Si,Si,S/D,Día,NO,Sin Restricción,Despejado,Buena,,Sin Semáforo
49549,OBSERVATORIO VIAL,2019-07-25,15:20:00,CORRIENTES,18,CAPITAL,21,CORRIENTES,Urbana,Calle,MEDRANO,1900,NECOCHEA,,-2.748.431,-5.879.892,1,2,0,2,0,Colisión entre vehículos,Colisión entre vehículos,S/D,,Angulo,2,Recta,Intersección / cruce,,NO,,Hormigón,,Apto,Seca,,Ninguna,,,,S/D,S/D,S/D,Día,NO,Sin Restricción,Nublado,Buena,,Sin Semáforo
53873,OBSERVATORIO VIAL,2019-07-25,11:15:00,CORRIENTES,18,CAPITAL,21,CORRIENTES,Urbana,Avenida,AVENIDA PRESIDENTE PERON,5900,TRENTO,,-2.749.038,-5.878.012,2,0,0,2,0,Colisión entre vehículos,Colisión entre vehículos,S/D,,Angulo,2,Recta,,,NO,,Hormigón,,Apto,Seca,,Ninguna,,,,S/D,S/D,S/D,Día,NO,Sin Restricción,Despejado,Buena,,Sin Semáforo
68787,Dto. de Observatorio Vial,2019-07-24,19:30:00,CORRIENTES,18,CAPITAL,21,CORRIENTES,Urbana,Calle,9 DE julio,1900,URUGUAY,,,,1,1,0,2,0,Colisión entre vehículos,Colisión entre vehículos,S/D,,Angulo,2,Recta,Intersección / cruce,,SI,,Asfalto,,Apto,Seca,,Ninguna,,,,,,,Atardecer,NO,Sin Restricción,Despejado,Buena,,Sin Semáforo
49215,OBSERVATORIO VIAL,2019-07-24,9:40:00,CORRIENTES,18,CAPITAL,21,CORRIENTES,Urbana,Calle,ESPAÑA,700,9 DE julio,,-2.746.698,-5.882.913,1,1,0,2,0,Colisión entre vehículos,Colisión entre vehículos,S/D,,Angulo,2,Recta,Intersección / cruce,,NO,,Asfalto,,Apto,Seca,,Ninguna,,,,No,No,No,Día,NO,Sin Restricción,Despejado,Buena,,Sin Semáforo
49231,OBSERVATORIO VIAL,2019-07-24,15:00:00,CORRIENTES,18,CAPITAL,21,CORRIENTES,Urbana,Avenida,RAUL ALFONSIN,4800,,SAENZ,-2.747.621,-5.879.252,2,1,0,3,0,Colisión entre vehículos,Colisión entre vehículos,S/D,,,3,Recta,Intersección / cruce,,NO,,Hormigón,,Apto,Seca,,Ninguna,,,,No,No,No,Día,NO,,Despejado,Buena,,Sin Semáforo
49286,OBSERVATORIO VIAL,2019-07-23,7:15:00,CORRIENTES,18,CAPITAL,21,CORRIENTES,Urbana,Avenida,AV PUJOL,2200,JUAN PAMPIN,,-2.746.634,-5.882.202,1,1,0,2,0,"Choque, Colisión entre vehículos",Colisión entre vehículos,S/D,,En calzada,2,Curva,Intersección / cruce,,NO,,Asfalto,,Apto,Seca,,Ninguna,,,,S/D,S/D,S/D,Día,NO,Sin Restricción,Despejado,Buena,,Sin Semáforo
49296,OBSERVATORIO VIAL,2019-07-23,9:00:00,CORRIENTES,18,CAPITAL,21,CORRIENTES,Urbana,Avenida,MAIPU,1500,NUESTRA SEÑORA DE LA ASUNCION,,-2.749.124,-5.881.985,0,2,0,1,0,Despiste,Despiste,Si,,,1,Recta,Intersección / cruce,,NO,,Asfalto,,Apto,"Despejada, Seca",,Cordón Divisorio,,,,,,,Día,NO,Sin Restricción,Despejado,Buena,,Funciona
49358,OBSERVATORIO VIAL,2019-07-22,2:35:00,CORRIENTES,18,CAPITAL,21,CORRIENTES,Urbana,Avenida,AVENIDA ARTIGAS,1200,BELGRANO,,-2.747.382,-5.881.908,1,1,0,2,0,Colisión entre vehículos,Colisión entre vehículos,S/D,,Rozamiento,2,Recta,Intersección / cruce,,NO,,Asfalto,,Apto,,,,,,,,,,Noche,SI,Sin Restricción,Despejado,Buena,,Intermitente
64181,OBSERVATORIO VIAL,2019-07-22,15:50:00,CORRIENTES,18,CAPITAL,21,CORRIENTES,Urbana,Avenida,TRES DE ABRIL,500,ENTRE RIOS,,-2.747.467,-5.884.479,2,1,0,2,0,Colisión entre vehículos,Colisión entre vehículos,S/D,,Lateral,2,Recta,Intersección / cruce,,NO,,Hormigón,,Apto,Seca,,Ninguna,,,,Si,Si,No,Día,NO,Sin Restricción,Despejado,Buena,,Funciona
49417,OBSERVATORIO VIAL,2019-07-21,15:20:00,CORRIENTES,18,CAPITAL,21,CORRIENTES,Urbana,Avenida,AVENIDA CHACABUCO,2100,,,-2.748.299,-5.881.557,0,1,0,1,0,Caída desde vehículo,Caída desde vehículo,S/D,,,1,Recta,,EN CALZADA,NO,,Asfalto,,Apto,"Despejada, Seca",,,,,,No,No,No,Día,NO,Sin Restricción,Despejado,Buena,,No Funciona
49369,OBSERVATORIO VIAL,2019-07-21,23:30:00,CORRIENTES,18,CAPITAL,21,CORRIENTES,Urbana,Avenida,AV RAUL RICARDO ALFONSIN,4800,,,-2.747.611,-5.879.246,0,1,0,1,0,"Caída desde vehículo, Despiste",Despiste,Si,,,1,Recta,Fuera de calzada,,NO,,Hormigón,,Apto,Seca,,Ninguna,,,,S/D,S/D,S/D,Noche,NO,,Despejado,,FALTA ALUMBRADO,Sin Semáforo
49606,OBSERVATORIO VIAL,2019-07-20,23:00:00,CORRIENTES,18,CAPITAL,21,CORRIENTES,Urbana,Avenida,AV CHACABUCO,1600,AV FERRE BANDA SUR,,-2.747.864,-5.881.480,0,1,0,1,0,Colisión entre vehículos,Colisión entre vehículos,S/D,,,1,Recta,Intersección / cruce,,NO,,Asfalto,,Apto,Seca,,Ninguna,,,,Si,S/D,S/D,Noche,SI,Sin Restricción,Despejado,Buena,,Sin Semáforo
53206,OBSERVATORIO VIAL,2019-07-19,20:15:00,CORRIENTES,18,CAPITAL,21,CORRIENTES,Urbana,Avenida,AVENIDA TENIENTE IBAÑEZ,1900,,,-2.748.440,-5.882.926,1,1,0,2,0,Colisión entre vehículos,Colisión entre vehículos,S/D,,,2,Curva,,RECTA,NO,,Hormigón,,Apto,Seca,,Ninguna,,,,Si,S/D,S/D,Noche,SI,Sin Restricción,Despejado,Buena,,Sin Semáforo
64882,OBSERVATORIO VIAL,2019-07-19,10:30:00,CORRIENTES,18,CAPITAL,21,CORRIENTES,Urbana,Avenida,AV 3 DE ABRIL,800,BUENOS AIRES,,-2.747.503,-5.884.115,0,1,0,1,0,"Despiste, Vuelco (solo 1 participante)",Vuelco (solo 1 participante),Si,,,1,Recta,Intersección / cruce,,NO,,Hormigón,,Apto,Seca,,Cordón Divisorio,,,,No,No,No,Día,NO,Sin Restricción,Despejado,Buena,,Sin Semáforo
49345,OBSERVATORIO VIAL,2019-07-19,17:00:00,CORRIENTES,18,CAPITAL,21,CORRIENTES,Urbana,Calle,PLACIDO MARTINEZ,900,,,-2.746.183,-5.883.873,2,1,0,3,0,Colisión entre vehículos,Colisión entre vehículos,S/D,,Alcance,3,Recta,,MITAD DE CUADRA,NO,,Hormigón,,Apto,"Despejada, Seca",,Ninguna,,,,Si,Si,No,Día,NO,Sin Restricción,Despejado,Buena,,Funciona
49605,OBSERVATORIO VIAL,2019-07-19,10:40:00,CORRIENTES,18,CAPITAL,21,CORRIENTES,Urbana,Calle,YRIGOYEN,2500,ITUZAINGO,,-2.747.038,-5.881.900,1,2,0,2,0,Colisión entre vehículos,Colisión entre vehículos,S/D,,Angulo,2,Recta,Intersección / cruce,,NO,,Asfalto,,Apto,Mojada,,,,,,Si,No,No,,NO,Sin Restricción,Lluvia,Lluvia,,Sin Semáforo
49535,OBSERVATORIO VIAL,2019-07-17,12:10:00,CORRIENTES,18,CAPITAL,21,CORRIENTES,Urbana,Calle,ESPAÑA,|1200,BOLIVAR,,-2.747.161,-5.882.962,2,0,0,2,0,Colisión entre vehículos,Colisión entre vehículos,S/D,,Alcance,2,Recta,Intersección / cruce,,NO,,Asfalto,,Apto,Mojada,,Ninguna,,,,Si,Si,No,Día,NO,Sin Restricción,Lluvia,Lluvia,,Sin Semáforo
54594,OBSERVATORIO VIAL,2019-07-15,12:15:00,CORRIENTES,18,CAPITAL,21,CORRIENTES,Urbana,Calle,SAN LORENZO,1100,BOLIVAR,,-2.747.136,-5.883.216,1,2,0,2,0,Colisión entre vehículos,Colisión entre vehículos,S/D,,Frontal,2,Recta,Intersección / cruce,,NO,,Asfalto,,Apto,Seca,,Ninguna,,,,Si,No,No,Día,NO,Sin Restricción,Despejado,Buena,,Sin Semáforo
55800,OBSERVATORIO VIAL,2019-07-15,8:00:00,CORRIENTES,18,CAPITAL,21,CORRIENTES,Urbana,Avenida,AVENIDA MAIPU,2900,TILCARA,,-2.750.201,-5.881.278,1,1,0,2,0,Colisión entre vehículos,Colisión entre vehículos,S/D,,Angulo,2,Recta,Intersección / cruce,,NO,,Hormigón,,Apto,Seca,,Cordón Divisorio,,,,No,No,No,Día,NO,Sin Restricción,Despejado,Buena,,Sin Semáforo
49282,OBSERVATORIO VIAL,2019-07-15,8:00:00,CORRIENTES,18,CAPITAL,21,CORRIENTES,Urbana,Avenida,AV PUJOL,1800,JUJUY,,-2.746.291,-5.882.729,3,0,0,3,0,"Choque, Colisión entre vehículos",Colisión entre vehículos,S/D,,"En calzada, Multiple",3,Recta,Intersección / cruce,,NO,,Asfalto,,Apto,Mojada,,Ninguna,,,,Si,Si,No,Día,NO,Sin Restricción,Nublado,Buena,,Funciona
67510,OBSERVATORIO VIAL,2019-07-14,9:10:00,CORRIENTES,18,CAPITAL,21,CORRIENTES,Urbana,Avenida,AV ARMENIA,4500,MARCOS SASTRE,,-2.746.758,-5.879.401,2,0,0,2,0,Colisión entre vehículos,Colisión entre vehículos,S/D,,,2,Recta,Intersección / cruce,,NO,,Asfalto,,Apto,"Despejada, Seca",,Ninguna,,,,S/D,S/D,S/D,Día,NO,Sin Restricción,Despejado,,,Sin Semáforo
68772,OBSERVATORIO VIAL,2019-07-14,7:32:00,CORRIENTES,18,CAPITAL,21,CORRIENTES,Urbana,Avenida,INDEPENDENCIA,4858,PEDRO ARAOZ,,-2.748.324,-5.879.250,2,0,0,2,0,Colisión entre vehículos,Colisión entre vehículos,S/D,,,2,Recta,Distribuidor / Intercambiador,,NO,,Hormigón,,Apto,Seca,,Ninguna,,,,No,No,,Amanecer,NO,Sin Restricción,Despejado,,,Sin Semáforo
49307,OBSERVATORIO VIAL,2019-07-14,16:45:00,CORRIENTES,18,CAPITAL,21,CORRIENTES,Urbana,Calle,AV MAIPU,1900,NUESTRA SEÑORA DE ASUNCION,,-2.749.120,-5.881.977,2,0,0,1,0,Colisión entre vehículos,Colisión entre vehículos,S/D,,,1,Recta,Intersección / cruce,,NO,,Hormigón,,Apto,"Despejada, Seca",,Ninguna,,,,Si,Si,No,Día,NO,Sin Restricción,Nublado,Buena,,Funciona
54768,OBSERVATORIO VIAL,2019-07-14,14:00:00,CORRIENTES,18,CAPITAL,21,CORRIENTES,Urbana,Calle,GOBERNADOR MARTINEZ,2800,COLOMBIA,,-2.746.925,-5.881.647,3,1,0,2,0,Colisión entre vehículos,Colisión entre vehículos,S/D,,Angulo,2,Recta,Intersección / cruce,,NO,,Hormigón,,Apto,Seca,,Ninguna,,,,Si,No,No,Día,NO,Sin Restricción,Despejado,Buena,,Sin Semáforo
57102,OBSERVATORIO VIAL,2019-07-13,10:05:00,CORRIENTES,18,CAPITAL,21,CORRIENTES,Urbana,Avenida,RAFAELA,3100,EL MAESTRO,,-2.749.723,-5.882.720,1,1,0,2,0,Colisión entre vehículos,Colisión entre vehículos,S/D,,Angulo,2,Recta,,,NO,,Hormigón,,Apto,Seca,,Cordón Divisorio,,,,Si,No,No,Día,NO,Sin Restricción,Despejado,Buena,,Sin Semáforo
49305,OBSERVATORIO VIAL,2019-07-13,9:15:00,CORRIENTES,18,CAPITAL,21,CORRIENTES,Urbana,Avenida,AV PUJOL,1700,AV VERA,,-2.746.140,-5.882.908,2,0,0,2,0,Colisión entre vehículos,Colisión entre vehículos,S/D,,Alcance,2,Recta,Intersección / cruce,,NO,,Hormigón,,Apto,Seca,,,,,,Si,Si,,Día,NO,Sin Restricción,Despejado,Buena,,Sin Semáforo
49455,OBSERVATORIO VIAL,2019-07-13,7:30:00,CORRIENTES,18,CAPITAL,21,CORRIENTES,Urbana,Avenida,AV ARTIGAS,1100,BOLIVAR,,-2.747.160,-5.881.863,2,0,0,2,0,Colisión entre vehículos,Colisión entre vehículos,S/D,,,2,Recta,Intersección / cruce,,NO,,Hormigón,,Apto,,,Ninguna,,,,Si,Si,No,Amanecer,NO,Sin Restricción,Despejado,,,Sin Semáforo
49252,OBSERVATORIO VIAL,2019-07-13,7:00:00,CORRIENTES,18,CAPITAL,21,CORRIENTES,Urbana,Avenida,AV. FERRE,1700,ESPAÑA,,-2.747.657,-5.883.019,1,1,0,2,0,Colisión entre vehículos,Colisión entre vehículos,S/D,,Frontal,2,Recta,Intersección / cruce,,NO,,Hormigón,,Apto,Seca,,,,,,Si,Si,No,Día,NO,Sin Restricción,Despejado,Buena,,Funciona
49586,OBSERVATORIO VIAL,2019-07-12,7:40:00,CORRIENTES,18,CAPITAL,21,CORRIENTES,Urbana,Calle,H YRIGOYEN,2495,ITUZAINGO,,-2.747.037,-5.881.901,2,0,0,2,0,Colisión entre vehículos,Colisión entre vehículos,S/D,,Angulo,2,Recta,Intersección / cruce,,NO,,Asfalto,,Apto,Seca,,Ninguna,,,,No,No,No,Día,NO,Sin Restricción,Despejado,Buena,,Sin Semáforo
59870,OBSERVATORIO VIAL,2019-07-11,6:15:00,CORRIENTES,18,CAPITAL,21,CORRIENTES,Urbana,Avenida,PAISANDU,2200,COSQUIN,,-2.749.472,-5.882.472,1,0,0,1,0,Choque,Choque,S/D,,Columna,1,Recta,Intersección / cruce,,NO,,Hormigón,,Apto,Seca,,Cordón Divisorio,,,,S/D,S/D,S/D,Día,NO,Sin Restricción,Despejado,Buena,,Sin Semáforo
49325,OBSERVATORIO VIAL,2019-07-11,0:20:00,CORRIENTES,18,CAPITAL,21,CORRIENTES,Urbana,Avenida,AVENIDA PATAGONIA,4200,MATIAS PIPET,,-2.749.154,-5.883.244,1,1,0,2,0,Colisión entre vehículos,Colisión entre vehículos,S/D,,Angulo,2,Recta,Intersección / cruce,,NO,,,,Apto,Seca,,Ninguna,,,,S/D,S/D,S/D,Noche,,Sin Restricción,Despejado,Buena,,Sin Semáforo
49459,OBSERVATORIO VIAL,2019-07-10,8:40:00,CORRIENTES,18,CAPITAL,21,CORRIENTES,Urbana,Avenida,AV FERRE,2200,ROCA,,-2.747.730,-5.882.368,2,0,0,2,0,Colisión entre vehículos,Colisión entre vehículos,S/D,,Angulo,2,Recta,Intersección / cruce,,NO,,Hormigón,,Apto,Seca,,,,,,S/D,S/D,S/D,Día,NO,Sin Restricción,Nublado,Buena,,Funciona
52268,OBSERVATORIO VIAL,2019-07-10,19:45:00,CORRIENTES,18,CAPITAL,21,CORRIENTES,Urbana,Avenida,AV PUJOL,2300,ROCA,,-2.746.711,-5.882.185,1,1,0,2,0,Colisión entre vehículos,Colisión entre vehículos,S/D,,,2,Curva,Intersección / cruce,,NO,,Hormigón,,Apto,Mojada,,Ninguna,,,,Si,Si,Si,Noche,SI,Sin Restricción,Lluvia,Lluvia,,Sin Semáforo
52272,OBSERVATORIO VIAL,2019-07-10,13:00:00,CORRIENTES,18,CAPITAL,21,CORRIENTES,Urbana,Calle,LAVALLE,2100,BRASIL,,-2.747.813,-5.882.519,0,1,0,1,0,Caída desde vehículo,Caída desde vehículo,S/D,,,1,Recta,Intersección / cruce,,,,Asfalto,,Apto,Despejada,,Ninguna,,,,S/D,S/D,S/D,Día,NO,Sin Restricción,Despejado,Buena,,Sin Semáforo
58476,OBSERVATORIO VIAL,2019-07-09,17:55:00,CORRIENTES,18,CAPITAL,21,CORRIENTES,Urbana,Calle,SAN MARTIN,1750,JUJUY,ESPAÑA,-2.747.059,-5.882.886,3,0,0,2,0,Colisión entre vehículos,Colisión entre vehículos,S/D,,Lateral,2,Recta,,,SI,,Asfalto,,Apto,Seca,,Cordón Divisorio,,,,S/D,S/D,S/D,Día,SI,Otro,Despejado,Buena,,Sin Semáforo
67477,OBSERVATORIO VIAL,2019-07-08,6:10:00,CORRIENTES,18,CAPITAL,21,CORRIENTES,Urbana,Avenida,AV MAIPU,3000,ASUNCION,,-2.749.124,-5.881.980,1,1,0,2,0,Colisión entre vehículos,Colisión entre vehículos,S/D,,,2,Curva,Intersección / cruce,,NO,,Asfalto,,Apto,Seca,,Ninguna,,,,S/D,S/D,S/D,Amanecer,NO,Sin Restricción,Despejado,,,Funciona
55224,OBSERVATORIO VIAL,2019-07-07,18:00:00,CORRIENTES,18,CAPITAL,21,CORRIENTES,Urbana,Calle,BRAILLE,1400,RESOAGLI,,-2.747.889,-5.880.429,1,1,0,2,0,Colisión entre vehículos,Colisión entre vehículos,S/D,,Angulo,2,Recta,Intersección / cruce,,NO,,Hormigón,,Apto,Seca,,Ninguna,,,,No,No,No,Día,NO,Sin Restricción,Despejado,Buena,,Sin Semáforo
56168,OBSERVATORIO VIAL,2019-07-07,8:10:00,CORRIENTES,18,CAPITAL,21,CORRIENTES,Urbana,Calle,MORENO,1300,SAN LUIS,,-2.747.266,-5.884.340,1,1,0,2,0,Colisión entre vehículos,Colisión entre vehículos,S/D,,Angulo,2,Recta,Intersección / cruce,,NO,,Asfalto,,Apto,Seca,,Ninguna,,,,Si,No,No,Día,NO,Sin Restricción,Despejado,Buena,,Sin Semáforo
59882,OBSERVATORIO VIAL,2019-07-06,9:00:00,CORRIENTES,18,CAPITAL,21,CORRIENTES,Urbana,Calle,SARMIENTO,2100,,,-2.748.249,-5.883.085,0,1,0,1,0,"Caída desde vehículo, Despiste",Despiste,Si,,,1,Recta,,,NO,,Asfalto,,Apto,Seca,,Cordón Divisorio,,,,No,No,No,Día,NO,Sin Restricción,Despejado,Buena,,Sin Semáforo
58986,OBSERVATORIO VIAL,2019-07-03,9:00:00,CORRIENTES,18,CAPITAL,21,CORRIENTES,Urbana,Calle,QUINTANA,1400,CATAMARCA,,-2.746.341,-5.883.254,1,1,0,2,0,Colisión entre vehículos,Colisión entre vehículos,S/D,,Angulo,2,Recta,Intersección / cruce,,NO,,Asfalto,,,Seca,,Ninguna,,,,No,,No,Día,NO,Sin Restricción,Despejado,Buena,,Sin Semáforo
68821,CORRIENTES,2019-07-03,18:30:00,CORRIENTES,18,CAPITAL,21,CORRIENTES,Urbana,Calle,RIVADAVIA,1400,SAN LORENZO,,,,1,1,0,2,0,Colisión entre vehículos,Colisión entre vehículos,S/D,,Angulo,2,Recta,Intersección / cruce,,NO,,Asfalto,,Apto,Despejada,,Ninguna,,,,S/D,S/D,S/D,Atardecer,NO,Sin Restricción,Despejado,Buena,,Sin Semáforo
49427,OBSERVATORIO VIAL,2019-07-03,6:40:00,CORRIENTES,18,CAPITAL,21,CORRIENTES,Urbana,Calle,ACONCAGUA,2400,LAS CANARIAS,,-2.749.851,-5.881.595,2,0,0,2,0,"Choque, Colisión entre vehículos",Colisión entre vehículos,S/D,,En calzada,2,Recta,Intersección / cruce,DESPUES DE LA ESQUINA,NO,,Hormigón,,Apto,Seca,,Ninguna,,,,No,No,No,Amanecer,SI,Sin Restricción,Despejado,,,Sin Semáforo
49483,OBSERVATORIO VIAL,2019-07-03,18:50:00,CORRIENTES,18,CAPITAL,21,CORRIENTES,Urbana,Avenida,AV RAUL R. ALFONSIN,4300,RIO JURAMENTO,,-2.747.504,-5.879.826,1,1,0,2,0,Colisión entre vehículos,Colisión entre vehículos,S/D,,,2,Recta,Intersección / cruce,,NO,,Asfalto,,,Mojada,,Cordón Divisorio,,,,Si,No,No,Noche,SI,Sin Restricción,Lluvia,Buena,,Sin Semáforo
68440,Observatorio Vial,2019-07-02,9:00:00,CORRIENTES,18,CAPITAL,21,CORRIENTES,Urbana,Calle,Lavalle,1800,,,-2.747.814,-5.882.517,1,1,0,2,0,Colisión entre vehículos,Colisión entre vehículos,S/D,,,2,Recta,Intersección / cruce,,NO,,Hormigón,,Apto,"Despejada, Seca",,,,,,No,No,No,Día,NO,Sin Restricción,Despejado,Buena,,
49311,OBSERVATORIO VIAL,2019-07-02,21:20:00,CORRIENTES,18,CAPITAL,21,CORRIENTES,Urbana,Avenida,AV TTE IBAÑEZ,500,,,-2.748.441,-5.884.698,1,1,0,1,1,Atropello a peatón/es,Atropello a peatón/es,S/D,,,2,Curva,Intersección / cruce,,NO,,Asfalto,,Apto,Seca,,Barrera de Hormigón,,,,S/D,S/D,S/D,Noche,SI,Sin Restricción,Despejado,Buena,,Sin Semáforo
49270,OBSERVATORIO VIAL,2019-07-02,7:30:00,CORRIENTES,18,CAPITAL,21,CORRIENTES,Urbana,Avenida,AV ASUNCION,2600,LARREA,,-2.748.884,-5.881.677,1,1,0,2,0,Colisión entre vehículos,Colisión entre vehículos,S/D,,,2,Recta,Intersección / cruce,,NO,,Asfalto,,Apto,Seca,,Ninguna,,,,No,No,No,Día,NO,Sin Restricción,Despejado,Buena,,Sin Semáforo
49431,OBSERVATORIO VIAL,2019-07-01,12:40:00,CORRIENTES,18,CAPITAL,21,CORRIENTES,Urbana,Calle,BELGRANO,1800,JUJUY,,-2.747.296,-5.882.845,3,0,0,2,0,Colisión entre vehículos,Colisión entre vehículos,S/D,,Angulo,2,Recta,Intersección / cruce,,NO,,Hormigón,,Apto,,,Ninguna,,,,No,No,No,Día,NO,Sin Restricción,Despejado,Buena,,Sin Semáforo
49348,OBSERVATORIO VIAL,2019-07-01,1:30:00,CORRIENTES,18,CAPITAL,21,CORRIENTES,Urbana,Avenida,AVENIDA ARMENIA,3500,CABO SANCHEZ,,-2.746.706,-5.880.818,2,0,0,2,0,Colisión entre vehículos,Colisión entre vehículos,S/D,,Rozamiento,2,Recta,Intersección / cruce,,NO,,Hormigón,,Apto,Seca,,Cordón Divisorio,,,,S/D,S/D,S/D,Noche,SI,Sin Restricción,Despejado,,,Sin Semáforo
59875,OBSERVATORIO VIAL,2019-07-01,7:00:00,CORRIENTES,18,CAPITAL,21,CORRIENTES,Urbana,Avenida,MEDRANO,2500,LARREA,,-2.749.134,-5.879.959,2,0,0,2,0,"Choque, Despiste",Choque,Si,,En calzada,2,Recta,,,NO,,Hormigón,,Apto,Seca,,Cordón Divisorio,,,,No,No,No,Día,NO,Sin Restricción,Despejado,Buena,,Sin Semáforo
67701,IBSERVATORIO VIAL,2019-07-01,12:45:00,CORRIENTES,18,CAPITAL,21,CORRIENTES,Urbana,Avenida,AV 3 DE ABRIL,1600,GUTEMBERG,,-2.747.656,-5.883.142,1,1,0,2,0,Colisión entre vehículos,Colisión entre vehículos,S/D,,Alcance,2,Recta,Intersección / cruce,,NO,,Asfalto,,Apto,Seca,,Ninguna,,,,S/D,S/D,S/D,Día,NO,Sin Restricción,Despejado,Buena,,Sin Semáforo
68801,CORRIENTES,2019-07-01,20:40:00,CORRIENTES,18,CAPITAL,21,CORRIENTES,Urbana,Calle,BELGRANO,2600,COLOMBIA,,,,2,0,0,2,0,Colisión entre vehículos,Colisión entre vehículos,S/D,,Angulo,2,Recta,Intersección / cruce,,NO,,Hormigón,,Apto,Seca,,Ninguna,,,,Si,,,Noche,SI,Sin Restricción,Despejado,Buena,,Sin Semáforo
49588,OBSERVATORIO VIAL,2019-07-01,19:20:00,CORRIENTES,18,CAPITAL,21,CORRIENTES,Urbana,Avenida,AV ARMENIA,4500,,,-2.746.817,-5.879.589,1,1,0,2,0,Colisión entre vehículos,Colisión entre vehículos,S/D,,Alcance,2,Recta,Intersección / cruce,,NO,,Hormigón,,Apto,Seca,,Ninguna,,,,S/D,S/D,S/D,Noche,SI,Sin Restricción,Despejado,Buena,,Sin Semáforo
62893,OBSERVATORIO VIAL,2019-07-01,8:05:00,CORRIENTES,18,CAPITAL,21,CORRIENTES,Urbana,Avenida,TRES DE ABRIL,500,ENTRE RIOS,,-2.747.465,-5.884.480,2,0,0,2,0,Colisión entre vehículos,Colisión entre vehículos,S/D,,Angulo,2,Recta,Intersección / cruce,,NO,,Hormigón,,Apto,Seca,,Ninguna,,,,Si,Si,No,Día,NO,Sin Restricción,Nublado,Buena,,Funciona