id_feu,unidad_regional,siniestro_fecha,siniestro_hora,provincia,id_provincia,departamento,id_departamento,localidad,zona_ocurrencia,via_publica,nombre_via,altura_km,entre_calle_1,entre_calle_2,latitud,longitud,ilesos,heridos,fallecidos,vehiculos,peatones,tipo_siniestro_multiple,tipo_siniestro_unico,despiste_previo,tipo_siniestro_otro,tipo_colision,cantidad_de_involucrados,trazado_via,configuracion_de_la_via,configuracion_de_la_via_otro_tipo,pendiente_declive,cono_de_vision,material_de_la_calzada,material_de_la_calzada_otro,estado_de_la_calzada,estado_fisico_ambiental,estado_de_conservacion_otro,division_fisica_de_la_via,division_fisica_de_la_via_otro,barreras_de_seguridad,banquinas,senalizacion_carteleria,senalizacion_horizontal,senalizacion_transitoria,luminosidad,luz_artificial,transito_restringido,estado_ambiental,visibilidad,visibilidad_otro,semaforo
49241,OBSERVATORIO VIAL,2019-04-29,18:15:00,CORRIENTES,18,CAPITAL,21,CORRIENTES,Rural,Ruta Nacional,12,1035,1035,,-2.745.188,-5.875.548,1,1,0,2,0,Colisión entre vehículos,Colisión entre vehículos,S/D,,,2,Recta,,,NO,,,,Apto,"Despejada, Seca",,Ninguna,,,,No,No,No,Día,NO,Sin Restricción,Despejado,Buena,,Sin Semáforo
49537,OBSERVATORIO VIAL,2019-04-29,14:40:00,CORRIENTES,18,CAPITAL,21,CORRIENTES,Urbana,Calle,RIVADAVIA,1700,ESPAÑA,,-2.747.508,-5.883.006,1,1,0,2,0,Colisión entre vehículos,Colisión entre vehículos,S/D,,Angulo,2,Recta,Intersección / cruce,,NO,,Hormigón,,Apto,Seca,,Ninguna,,,,No,No,No,Día,,Sin Restricción,Despejado,Buena,,Sin Semáforo
53352,OBSERVATORIO VIAL,2019-04-28,13:40:00,CORRIENTES,18,CAPITAL,21,CORRIENTES,Urbana,Avenida,AV RAUL ALFONSIN,4400,MEDRANO,,-2.747.528,-5.879.711,1,0,1,2,0,Colisión entre vehículos,Colisión entre vehículos,S/D,ATROPELLO A CICLISTA,Angulo,2,Recta,Intersección / cruce,,NO,,Hormigón,,Apto,Seca,,Cordón Divisorio,,,,Si,No,No,Día,NO,Sin Restricción,Despejado,Buena,,Funciona
49206,OBSERVATORIO VIAL,2019-04-28,8:52:00,CORRIENTES,18,CAPITAL,21,CORRIENTES,Urbana,Calle,H YRIGOYEN,1900,PARAGUAY,,-2.746.960,-5.882.674,1,1,0,2,0,Colisión entre vehículos,Colisión entre vehículos,S/D,,Angulo,2,Recta,Intersección / cruce,,NO,,Asfalto,,Apto,Seca,,Ninguna,,,,Si,Si,No,Día,NO,Sin Restricción,Nublado,Buena,,Sin Semáforo
49219,OBSERVATORIO VIAL,2019-04-28,12:20:00,CORRIENTES,18,CAPITAL,21,CORRIENTES,Urbana,Calle,MEDRANO,1500,BRAILE,,-2.748.031,-5.879.821,2,0,0,2,0,"Choque, Colisión entre vehículos",Colisión entre vehículos,S/D,,Otro,2,Recta,Intersección / cruce,,NO,,Asfalto,,Apto,Seca,,Ninguna,,,,S/D,S/D,S/D,Día,,Sin Restricción,Despejado,Buena,,Sin Semáforo
58565,OBSERVATORIO VIAL,2019-04-27,5:40:00,CORRIENTES,18,CAPITAL,21,CORRIENTES,Urbana,Calle,PERRUGORRIA,798,GDOR. CASTILLO,,-2.748.353,-5.884.286,1,1,0,2,0,Colisión entre vehículos,Colisión entre vehículos,S/D,,Lateral,2,Recta,Intersección / cruce,,,,Asfalto,,Apto,,,Ninguna,,,,S/D,S/D,S/D,Día,NO,Sin Restricción,Despejado,Buena,,Sin Semáforo
54949,OBSERVATORIO VIAL,2019-04-26,9:00:00,CORRIENTES,18,CAPITAL,21,CORRIENTES,Urbana,Avenida,AVENIA ARMENIA,4400,GUIRALDES,,-2.746.830,-5.879.655,1,1,0,2,0,Colisión entre vehículos,Colisión entre vehículos,S/D,,Alcance,2,Recta,Intersección / cruce,,NO,,Asfalto,,Apto,Seca,,Ninguna,,,,Si,No,No,Día,NO,Sin Restricción,Despejado,Buena,,Sin Semáforo
68758,Observatorio Vial,2019-04-26,7:10:00,CORRIENTES,18,CAPITAL,21,CORRIENTES,Urbana,Avenida,CARTAGENA,2400,FRONDIZI,,-2.749.632,-5.880.027,0,1,0,1,0,Caída desde vehículo,Caída desde vehículo,S/D,,,1,Curva,Intersección / cruce,,NO,,Asfalto,,Apto,Despejada,,Ninguna,,,,No,No,No,Día,NO,Sin Restricción,Despejado,Buena,,Sin Semáforo
49298,OBSERVATORIO VIAL,2019-04-26,15:35:00,CORRIENTES,18,CAPITAL,21,CORRIENTES,Urbana,Calle,REPUBLICA DOMINICANA,3400,RAUL ALFONSIN,,-2.747.196,-5.880.952,2,0,0,2,0,Colisión entre vehículos,Colisión entre vehículos,S/D,,Angulo,2,Recta,Intersección / cruce,,NO,,Hormigón,,Apto,"Despejada, Seca",,Ninguna,,,,Si,No,No,Día,NO,Sin Restricción,Nublado,Buena,,Funciona
49310,OBSERVATORIO VIAL,2019-04-25,11:00:00,CORRIENTES,18,CAPITAL,21,CORRIENTES,Urbana,Calle,LA PRIDA,900,MISTRAL,,-2.746.996,-5.878.762,2,0,0,2,0,Colisión entre vehículos,Colisión entre vehículos,S/D,,Rozamiento,2,Recta,Intersección / cruce,,NO,,Asfalto,,Apto,Seca,,Ninguna,,,,S/D,S/D,S/D,Día,NO,Sin Restricción,Despejado,Buena,,Sin Semáforo
49362,OBSERVATORIO VIAL,2019-04-25,8:10:00,CORRIENTES,18,CAPITAL,21,CORRIENTES,Urbana,Avenida,AVENIDA INDEPENDENCIA,3400,DOMINICANA,,-2.747.900,-5.881.132,7,0,0,4,0,Colisión entre vehículos,Colisión entre vehículos,S/D,,Alcance,4,Recta,Intersección / cruce,,NO,,Asfalto,,Apto,Seca,,Vegetación,,,,Si,Si,No,Día,NO,Sin Restricción,Despejado,Buena,,Funciona
49501,OBSERVATORIO VIAL,2019-04-25,16:05:00,CORRIENTES,18,CAPITAL,21,CORRIENTES,Urbana,Avenida,AVENIDA N. AVELLANEDA,5200,MONTECARLO,,-2.748.817,-5.879.531,1,1,0,2,0,Colisión entre vehículos,Colisión entre vehículos,S/D,,Angulo,2,Recta,Intersección / cruce,,NO,,Asfalto,,Apto,Seca,,Ninguna,,,,Si,No,No,Día,NO,,Despejado,Buena,,Sin Semáforo
56150,OBSERVATORIO VIAL,2019-04-25,14:05:00,CORRIENTES,18,CAPITAL,21,CORRIENTES,Urbana,Avenida,AVENIDA ALFONSIN,3600,AVENIDA POMAR,,-2.747.276,-5.880.625,2,0,0,2,0,Colisión entre vehículos,Colisión entre vehículos,S/D,,Lateral,2,Recta,Intersección / cruce,,NO,,Asfalto,,Apto,Seca,,Ninguna,,,,S/D,S/D,S/D,Día,NO,Sin Restricción,Despejado,Buena,,Sin Semáforo
49331,OBSERVATORIO VIAL,2019-04-24,8:30:00,CORRIENTES,18,CAPITAL,21,CORRIENTES,Urbana,Avenida,AVENIDA INDEPENDENCIA,3975,SAENZ,,-2.748.273,-5.879.359,0,1,0,1,0,"Atropello a animal/es, Caída desde vehículo, Choque, Colisión entre vehículos",Colisión entre vehículos,S/D,,Otro,1,Recta,Intersección / cruce,,NO,,Hormigón,,Apto,Seca,,Ninguna,,,,S/D,S/D,S/D,Día,NO,Sin Restricción,Despejado,Buena,,Funciona
49453,OBSERVATORIO VIAL,2019-04-24,9:20:00,CORRIENTES,18,CAPITAL,21,CORRIENTES,Urbana,Calle,MEXICO,2800,QUINTANA,,-2.746.350,-5.881.372,1,1,0,2,0,Colisión entre vehículos,Colisión entre vehículos,S/D,,Angulo,2,Recta,Intersección / cruce,,NO,,Hormigón,,Apto,"Despejada, Seca",,Ninguna,,,,No,No,No,Día,NO,Sin Restricción,Despejado,Buena,,Sin Semáforo
49509,OBSERVATORIO VIAL,2019-04-23,9:00:00,CORRIENTES,18,CAPITAL,21,CORRIENTES,Urbana,Avenida,COSQUIN,2200,AV PAISANDU,,-2.749.472,-5.882.472,1,1,0,2,0,Colisión entre vehículos,Colisión entre vehículos,S/D,,,2,Recta,Intersección / cruce,,NO,,Asfalto,,Apto,Mojada,,Ninguna,,,,S/D,S/D,S/D,Día,NO,Sin Restricción,Lluvia,Buena,,Sin Semáforo
62833,OBSRVATORIO VIAL,2019-04-23,5:10:00,CORRIENTES,18,CAPITAL,21,CORRIENTES,Urbana,Calle,BUENOS AIRES,1334,,,-2.747.206,-5.884.096,1,0,0,1,0,Choque,Choque,S/D,,Otro,1,Recta,Intersección / cruce,,NO,,Asfalto,,Apto,Seca,,Cordón Divisorio,,,,Si,Si,Si,Noche,SI,Obra en Construcción,Despejado,Buena,,Sin Semáforo
67480,OBSERVATORIO VIAL,2019-04-23,7:40:00,CORRIENTES,18,CAPITAL,21,CORRIENTES,Urbana,Calle,ACONCAGUA,3000,TILCARA,,-2.750.007,-5.881.937,0,1,0,1,0,"Caída desde vehículo, Colisión entre vehículos, Despiste",Colisión entre vehículos,Si,,,1,Recta,Intersección / cruce,,NO,,Asfalto,,Apto,Seca,,Ninguna,,,,No,No,No,Día,NO,Sin Restricción,Despejado,,,Sin Semáforo
49239,OBSERVATORIO VIAL,2019-04-23,17:30:00,CORRIENTES,18,CAPITAL,21,CORRIENTES,Urbana,Calle,ESPAÑA,1700,BOLIVAR,,-2.747.165,-5.882.962,2,0,0,2,0,Colisión entre vehículos,Colisión entre vehículos,S/D,,,2,Recta,Intersección / cruce,,,,Asfalto,,Apto,"Despejada, Seca",,Ninguna,,,,No,No,No,Día,NO,,,Buena,,Sin Semáforo
49434,OBSERVATORIO VIAL,2019-04-22,8:37:00,CORRIENTES,18,CAPITAL,21,CORRIENTES,Urbana,Avenida,COMODORO RIVADAVIA,3100,AVENIDA CUARTO CENTENARIO,,-2.748.981,-5.883.807,1,2,0,2,0,Colisión entre vehículos,Colisión entre vehículos,S/D,,Angulo,2,Recta,Intersección / cruce,,NO,,Asfalto,,Apto,Seca,,Ninguna,,,,No,No,No,Día,NO,Sin Restricción,Despejado,Buena,,Sin Semáforo
49226,OBSERVATORIO VIAL,2019-04-22,22:23:00,CORRIENTES,18,CAPITAL,21,CORRIENTES,Urbana,Calle,9 DE julio,1700,ESPAÑA,,-2.746.704,-5.882.913,1,1,0,2,0,Colisión entre vehículos,Colisión entre vehículos,S/D,,,2,Recta,Intersección / cruce,,NO,,Asfalto,,Apto,Despejada,,Ninguna,,,,No,No,No,Noche,SI,Sin Restricción,Despejado,Buena,,Sin Semáforo
49300,OBSERVATOI VIAL,2019-04-21,19:35:00,CORRIENTES,18,CAPITAL,21,CORRIENTES,Urbana,Calle,CARTAGENA,3201,MEDRANO,,-2.749.635,-5.880.030,2,0,0,2,0,Colisión entre vehículos,Colisión entre vehículos,S/D,,Angulo,2,Recta,Intersección / cruce,,NO,,Hormigón,,Apto,"Despejada, Seca",,,,,,No,No,No,Noche,SI,,Despejado,Buena,,Sin Semáforo
49571,OBSERVATORIO VIAL,2019-04-19,5:47:00,CORRIENTES,18,CAPITAL,21,CORRIENTES,Urbana,Ruta Provincial,5,3  1/2,,,-2.749.046,-5.875.630,2,0,0,2,0,Colisión entre vehículos,Colisión entre vehículos,S/D,,Rozamiento,2,Recta,,RECTA,NO,,Asfalto,,Apto,Seca,,Ninguna,,,,No,No,No,Amanecer,SI,Sin Restricción,Despejado,Buena,,Sin Semáforo
58994,OBSERVATORIO VIAL,2019-04-18,11:30:00,CORRIENTES,18,CAPITAL,21,CORRIENTES,Rural,Ruta Provincial,5,KM 6,CALLE 107,,-2.748.896,-5.876.084,1,1,0,2,0,Colisión entre vehículos,Colisión entre vehículos,S/D,,Rozamiento,2,Recta,Intersección / cruce,,NO,,Asfalto,,Apto,Seca,,Ninguna,,,,No,No,No,Día,NO,,Despejado,Buena,,Sin Semáforo
67708,OBSERVATORIO VIAL,2019-04-18,11:30:00,CORRIENTES,18,CAPITAL,21,CORRIENTES,Urbana,Calle,LAVALLE,671,GUSTAVINO,,-2.747.627,-5.884.317,1,0,0,1,0,Despiste,Despiste,Si,,,1,Recta,Intersección / cruce,,NO,,Asfalto,,Apto,Seca,,Ninguna,,,,S/D,S/D,S/D,Día,NO,Sin Restricción,Despejado,Buena,,Sin Semáforo
49433,OBSERVATORIO VIAL,2019-04-18,17:50:00,CORRIENTES,18,CAPITAL,21,CORRIENTES,Urbana,Calle,GUTEMBERG,1800,GENERAL PAZ,,-2.747.885,-5.883.175,1,1,0,2,0,Colisión entre vehículos,Colisión entre vehículos,S/D,,Angulo,2,Recta,Intersección / cruce,,NO,,Asfalto,,Apto,Seca,,,,,,Si,No,No,Día,NO,Sin Restricción,Despejado,Buena,,Sin Semáforo
49367,OBSERVATORIO VIAL,2019-04-18,18:40:00,CORRIENTES,18,CAPITAL,21,CORRIENTES,Urbana,Calle,BELGRANO,2100,ROCA,,-2.747.341,-5.882.333,1,1,0,1,1,Atropello a peatón/es,Atropello a peatón/es,S/D,,,2,Recta,Intersección / cruce,,NO,,Asfalto,,Apto,Seca,,Ninguna,,,,Si,No,No,Día,NO,Sin Restricción,Despejado,Buena,,Sin Semáforo
64842,OBSERVATORIO VIAL,2019-04-17,16:00:00,CORRIENTES,18,CAPITAL,21,CORRIENTES,Urbana,Calle,PIROVANO,2000,LAS HERAS,,-2.748.447,-5.880.591,2,0,0,2,0,Colisión entre vehículos,Colisión entre vehículos,S/D,,Angulo,2,Recta,,,NO,,Asfalto,,Apto,Seca,,Ninguna,,,,No,No,No,Día,NO,Sin Restricción,Despejado,Buena,,Sin Semáforo
58987,OBSERVATORIO VIAL,2019-04-17,13:35:00,CORRIENTES,18,CAPITAL,21,CORRIENTES,Rural,Ruta Nacional,12,1030,,,-2.747.401,-5.878.175,1,1,0,2,0,Colisión entre vehículos,Colisión entre vehículos,S/D,,Lateral,2,Curva,,,NO,,Asfalto,,Apto,Seca,,Ninguna,,,,No,No,No,Día,NO,Sin Restricción,Despejado,Buena,,Sin Semáforo
67514,OBSERVATORIO VIAL,2019-04-16,15:49:00,CORRIENTES,18,CAPITAL,21,CORRIENTES,Urbana,Avenida,LA PAZ,2100,VIEDMA,,-2.748.846,-5.882.566,2,0,0,2,0,Colisión entre vehículos,Colisión entre vehículos,S/D,,,2,Recta,Intersección / cruce,,NO,,Asfalto,,Apto,Seca,,Ninguna,,,,S/D,S/D,S/D,Día,NO,Sin Restricción,Despejado,Buena,,Sin Semáforo
49288,OBSERVATORIO VIAL,2019-04-16,18:00:00,CORRIENTES,18,CAPITAL,21,CORRIENTES,Urbana,Avenida,AV MEDRANO,4300,CARTAGENA,,-2.749.653,-5.880.052,1,1,0,1,1,"Atropello a peatón/es, Colisión entre vehículos",Colisión entre vehículos,S/D,,,2,Recta,Intersección / cruce,,NO,,Hormigón,,Apto,Seca,,Cordón Divisorio,,,,No,No,No,Día,NO,Sin Restricción,Despejado,Buena,,Sin Semáforo
49447,OBSERVATORIO VIAL,2019-04-16,1:05:00,CORRIENTES,18,CAPITAL,21,CORRIENTES,Urbana,Calle,TUCUMAN,1200,BELGRANO,,-2.747.161,-5.884.192,0,1,0,1,0,Caída desde vehículo,Caída desde vehículo,S/D,,,1,Recta,,,NO,,Asfalto,,Apto,Seca,,Ninguna,,,,Si,,,Noche,SI,Sin Restricción,Despejado,Buena,,Sin Semáforo
49563,OBSERVATORIO VIAL,2019-04-15,9:40:00,CORRIENTES,18,CAPITAL,21,CORRIENTES,Urbana,Avenida,AVENIDA PUJOL,700,PELLEGRINI,,-2.746.646,-5.882.368,1,1,0,2,0,Colisión entre vehículos,Colisión entre vehículos,S/D,,Alcance,2,Recta,,,NO,,Hormigón,,Apto,Seca,,Ninguna,,,,No,No,No,Día,NO,Sin Restricción,Despejado,Buena,,Sin Semáforo
53722,OBSERVATORIO VIAL,2019-04-15,17:35:00,CORRIENTES,18,CAPITAL,21,CORRIENTES,Urbana,Avenida,AVENIDA LIBERTAD,5900,RUTA 12,,-2.746.142,-5.876.809,1,1,0,2,0,Colisión entre vehículos,Colisión entre vehículos,S/D,,Angulo,2,Recta,Intersección / cruce,,NO,,Asfalto,,Apto,"Despejada, Seca",,Ninguna,,,,Si,Si,,Día,NO,Sin Restricción,Despejado,Buena,,Funciona
62291,OBSERVATORIO VIAL,2019-04-15,6:30:00,CORRIENTES,18,CAPITAL,21,CORRIENTES,Urbana,Avenida,MAIPU,5000,TILCARA,,-2.750.192,-5.881.289,2,0,0,2,0,Colisión entre vehículos,Colisión entre vehículos,S/D,,Angulo,2,Recta,,,NO,,Asfalto,,Apto,Seca,,Ninguna,,,,Si,Si,No,Día,NO,Sin Restricción,Despejado,Buena,,Funciona
49470,OBSERVATORIO VIAL,2019-04-14,10:45:00,CORRIENTES,18,CAPITAL,21,CORRIENTES,Urbana,Avenida,AVENIDA RAUL ALFONSIN,5500,,,-2.747.778,-5.878.510,3,1,0,2,0,Colisión entre vehículos,Colisión entre vehículos,S/D,,Angulo,2,Recta,Intersección / cruce,,NO,,Hormigón,,Apto,Seca,,Ninguna,,,,No,No,No,Día,NO,Sin Restricción,Despejado,Buena,,Sin Semáforo
53734,OBSERVATORIO VIAL,2019-04-13,18:20:00,CORRIENTES,18,CAPITAL,21,CORRIENTES,Urbana,Avenida,AV. RAUL ALFONSIN,4700,QUINQUELA MARTIN,,-2.747.588,-5.879.368,3,0,0,2,0,Colisión entre vehículos,Colisión entre vehículos,S/D,,Angulo,2,Recta,Intersección / cruce,,NO,,Hormigón,,Apto,"Despejada, Seca",,Cordón Divisorio,,,,Si,No,No,Día,NO,Sin Restricción,Despejado,Buena,,Sin Semáforo
49466,OBSERVATORIO VIAL,2019-04-13,19:20:00,CORRIENTES,18,CAPITAL,21,CORRIENTES,Urbana,Avenida,AV EL MAESTRO,1600,NUESTRA SEÑORA DE ASUNCION,,-2.749.117,-5.881.981,2,0,0,2,0,Colisión entre vehículos,Colisión entre vehículos,S/D,,,2,Recta,Intersección / cruce,,NO,,Asfalto,,Apto,Seca,,Ninguna,,,,Si,S/D,S/D,Noche,SI,Sin Restricción,Despejado,Buena,,Funciona
49558,OBSERVATORIO VIAL,2019-04-13,7:30:00,CORRIENTES,18,CAPITAL,21,CORRIENTES,Urbana,Avenida,MAIPU,2300,,,-2.749.655,-5.881.669,1,1,0,2,0,Colisión entre vehículos,Colisión entre vehículos,S/D,,Alcance,2,Recta,Intersección / cruce,,NO,,Asfalto,,Apto,Mojada,,,,,,No,No,No,Amanecer,SI,,Nublado,,,Sin Semáforo
55070,OBSERVATORIO VIAL,2019-04-13,10:00:00,CORRIENTES,18,CAPITAL,21,CORRIENTES,Urbana,Calle,RIVADAVIA,1400,PARAGUAY,,-2.747.528,-5.882.737,2,0,0,2,0,Colisión entre vehículos,Colisión entre vehículos,S/D,,Angulo,2,Recta,Intersección / cruce,,NO,,Hormigón,,Apto,Seca,,Ninguna,,,,Si,No,No,Día,NO,Sin Restricción,Nublado,Buena,,Sin Semáforo
62292,OBSERVATORIO VIAL,2019-04-13,16:00:00,CORRIENTES,18,CAPITAL,21,CORRIENTES,Urbana,Calle,BOLIVAR,1700,ESPAÑA,,-2.747.163,-5.882.958,3,0,0,2,0,Colisión entre vehículos,Colisión entre vehículos,S/D,,"Alcance, Angulo",2,Recta,Intersección / cruce,,NO,,Hormigón,,Apto,Seca,,Ninguna,,,,No,No,No,Día,NO,Sin Restricción,Despejado,Buena,,Sin Semáforo
49432,OBSERVATORIO VIAL,2019-04-13,17:45:00,CORRIENTES,18,CAPITAL,21,CORRIENTES,Urbana,Avenida,AVENIDA MAIPU,1100,HONDURAS,,-2.748.535,-5.882.380,2,0,0,2,0,Colisión entre vehículos,Colisión entre vehículos,S/D,,Angulo,2,Recta,Intersección / cruce,,NO,,Asfalto,,Apto,"Despejada, Seca",,Ninguna,,,,Si,No,No,Día,NO,,Despejado,,,Sin Semáforo
53390,OBSERVATORIO VIAL,2019-04-13,10:20:00,CORRIENTES,18,CAPITAL,21,CORRIENTES,Urbana,Calle,SALTA,1000,SAN MARTIN,,-2.746.954,-5.883.931,1,1,0,2,0,Colisión entre vehículos,Colisión entre vehículos,S/D,,Alcance,2,Recta,Intersección / cruce,,NO,,Hormigón,,Apto,Seca,,Ninguna,,,,Si,Si,,Día,NO,,Nublado,,,Sin Semáforo
58997,OBSERVATORIO VIAL,2019-04-13,6:05:00,CORRIENTES,18,CAPITAL,21,CORRIENTES,Urbana,Avenida,JUAN TORRES DE VERA A.,1199,MENDOZA,,-2.746.116,-5.883.479,0,1,1,1,0,"Caída desde vehículo, Despiste",Despiste,Si,,,1,Curva,,,NO,,Asfalto,,Apto,Seca,,,,,,No,No,No,Día,NO,Sin Restricción,Despejado,Buena,,Sin Semáforo
64844,OBSERVATORIO VIAL,2019-04-12,10:15:00,CORRIENTES,18,CAPITAL,21,CORRIENTES,Urbana,Avenida,RAUL ALFONSIN,4100,,,-2.747.428,-5.880.071,1,1,0,2,0,"Caída desde vehículo, Colisión entre vehículos",Colisión entre vehículos,S/D,,Angulo,2,Recta,Intersección / cruce,,NO,,Hormigón,,,,,Ninguna,,,,S/D,S/D,S/D,Día,NO,Sin Restricción,Despejado,Buena,,Sin Semáforo
62888,OBSERVATORIO VIAL,2019-04-12,11:00:00,CORRIENTES,18,CAPITAL,21,CORRIENTES,Urbana,Avenida,ARTIGAS,1300,BOLIVAR,,-2.747.277,-5.881.889,1,1,0,2,0,"Caída desde vehículo, Colisión entre vehículos",Colisión entre vehículos,S/D,,Lateral,2,Recta,Intersección / cruce,,NO,,Asfalto,,Apto,Seca,,Ninguna,,,,Si,Si,No,Día,NO,Sin Restricción,Nublado,Buena,,Funciona
68740,Observatorio Vial,2019-04-12,7:59:00,CORRIENTES,18,CAPITAL,21,CORRIENTES,Urbana,Avenida,Av. Maipú,2600,Caribe,,-2.749.894,-5.881.468,2,0,0,2,0,Colisión entre vehículos,Colisión entre vehículos,S/D,,Lateral,2,Recta,Intersección / cruce,,NO,,Asfalto,,Apto,Seca,,Ninguna,,,,Si,Si,Si,Día,NO,Sin Restricción,Despejado,Buena,,Funciona
49545,OBSERVATORIO VIAL,2019-04-11,18:30:00,CORRIENTES,18,CAPITAL,21,CORRIENTES,Urbana,Calle,SAN MARTIN,1100,,,-2.746.989,-5.883.585,2,0,0,2,0,Colisión entre vehículos,Colisión entre vehículos,S/D,,Alcance,2,Recta,Intersección / cruce,,NO,,Asfalto,,Apto,Seca,,Ninguna,,,,S/D,S/D,S/D,Atardecer,NO,Sin Restricción,Despejado,Buena,,Sin Semáforo
54498,OBSERVATORIO VIAL,2019-04-11,14:45:00,CORRIENTES,18,CAPITAL,21,CORRIENTES,Urbana,Avenida,AV GDOR RUIZ,2200,AV GDOR PUJOL,,-2.746.676,-5.882.120,1,1,0,2,0,Colisión entre vehículos,Colisión entre vehículos,S/D,,,2,Curva,Rotonda,,NO,,Hormigón,,Apto,"Despejada, Seca",,Ninguna,,,,Si,No,No,Día,NO,Sin Restricción,Despejado,Buena,,Sin Semáforo
64865,OBSERVATORIO VIAL,2019-04-11,23:30:00,CORRIENTES,18,CAPITAL,21,CORRIENTES,Urbana,Avenida,LAS HERAS,2374,,,-2.748.223,-5.882.235,1,1,0,1,1,Atropello a peatón/es,Atropello a peatón/es,S/D,,,2,Recta,Intersección / cruce,,NO,,Hormigón,,Apto,Seca,,Ninguna,,,,No,No,,Día,NO,Sin Restricción,Despejado,Buena,,Sin Semáforo
49450,OBSERVATORIO VIAL,2019-04-10,11:48:00,CORRIENTES,18,CAPITAL,21,CORRIENTES,Urbana,Avenida,AVENIDA TENIENTE IBAÑEZ,3200,CONTE,,-2.748.555,-5.883.526,0,2,0,2,0,Colisión entre vehículos,Colisión entre vehículos,S/D,,Frontal,2,Curva,Intersección / cruce,,NO,,Asfalto,,Apto,,,Ninguna,,,,Si,S/D,S/D,Día,NO,,Despejado,,,Sin Semáforo
53244,OBSERVATORIO VIAL,2019-04-10,23:40:00,CORRIENTES,18,CAPITAL,21,CORRIENTES,Urbana,Calle,RIO MIRIÑAY,4500,LOS TOBAS,,-2.751.233,-5.881.526,3,0,0,2,0,Colisión entre vehículos,Colisión entre vehículos,S/D,,Alcance,2,Recta,Intersección / cruce,,NO,,Tierra,,Apto,Seca,,Ninguna,,,,S/D,S/D,S/D,Noche,SI,Sin Restricción,Despejado,Buena,,Sin Semáforo
53869,OBSERVATORIO VIAL,2019-04-10,12:30:00,CORRIENTES,18,CAPITAL,21,CORRIENTES,Urbana,Avenida,AV ARMENIA,2800,AV CHACABUCO,,-2.746.746,-5.881.184,2,0,0,2,0,Colisión entre vehículos,Colisión entre vehículos,S/D,,Alcance,2,Recta,Intersección / cruce,,NO,,Asfalto,,Apto,Seca,,Cordón Divisorio,,,,No,No,No,Día,NO,Sin Restricción,Despejado,Buena,,Sin Semáforo
54553,OBSERVATORIO VIAL,2019-04-09,9:05:00,CORRIENTES,18,CAPITAL,21,CORRIENTES,Urbana,Calle,JUJUY,1800,25 DE mayo,,-2.746.511,-5.882.755,1,1,0,2,0,Colisión entre vehículos,Colisión entre vehículos,S/D,,Frontal,2,Recta,Intersección / cruce,,NO,,Hormigón,,Apto,Seca,,Ninguna,,,,Si,No,No,Día,NO,Sin Restricción,Despejado,Buena,,Sin Semáforo
49249,OBSERVATORIO VIAL,2019-04-09,19:30:00,CORRIENTES,18,CAPITAL,21,CORRIENTES,Urbana,Calle,GUEMES,3600,GENARAL PAZ,,-2.748.208,-5.880.799,1,1,0,2,0,Colisión entre vehículos,Colisión entre vehículos,S/D,,Frontal,2,Recta,Intersección / cruce,,NO,,Asfalto,,Apto,Seca,,Ninguna,,,,No,No,No,Atardecer,NO,Sin Restricción,Nublado,Buena,,Sin Semáforo
49283,OBSERVATORIO VIAL,2019-04-09,10:30:00,CORRIENTES,18,CAPITAL,21,CORRIENTES,Urbana,Calle,BUENOS AIRES,700,CARLOS PELLEGRINI,,-2.746.502,-5.884.037,4,0,0,4,0,"Choque, Colisión entre vehículos",Colisión entre vehículos,S/D,,"En calzada, Multiple",4,Recta,Intersección / cruce,,NO,,Asfalto,,Apto,Seca,,Ninguna,,,,Si,Si,Si,Día,NO,Sin Restricción,Despejado,Buena,,Sin Semáforo
49595,OBSERVATORIO VIAL,2019-04-09,13:10:00,CORRIENTES,18,CAPITAL,21,CORRIENTES,Urbana,Calle,ALVEAR,1940,,,-2.746.043,-5.882.538,2,1,0,2,0,Colisión entre vehículos,Colisión entre vehículos,S/D,,Rozamiento,2,Recta,Intersección / cruce,,NO,,Asfalto,,Apto,Seca,,,,,,S/D,S/D,S/D,Día,NO,Sin Restricción,Despejado,Buena,,Sin Semáforo
65561,OBSERVATORIO VIAL,2019-04-08,11:40:00,CORRIENTES,18,CAPITAL,21,CORRIENTES,Urbana,Calle,BAIBIENE,1900,PLACIDO MARTINEZ,,-2.746.300,-5.882.600,1,1,0,2,0,Colisión entre vehículos,Colisión entre vehículos,S/D,,,2,Recta,,,,,Hormigón,,Apto,Seca,,Ninguna,,,,No,No,No,Día,NO,Sin Restricción,Despejado,Buena,,Sin Semáforo