id_feu,unidad_regional,siniestro_fecha,siniestro_hora,provincia,id_provincia,departamento,id_departamento,localidad,zona_ocurrencia,via_publica,nombre_via,altura_km,entre_calle_1,entre_calle_2,latitud,longitud,ilesos,heridos,fallecidos,vehiculos,peatones,tipo_siniestro_multiple,tipo_siniestro_unico,despiste_previo,tipo_siniestro_otro,tipo_colision,cantidad_de_involucrados,trazado_via,configuracion_de_la_via,configuracion_de_la_via_otro_tipo,pendiente_declive,cono_de_vision,material_de_la_calzada,material_de_la_calzada_otro,estado_de_la_calzada,estado_fisico_ambiental,estado_de_conservacion_otro,division_fisica_de_la_via,division_fisica_de_la_via_otro,barreras_de_seguridad,banquinas,senalizacion_carteleria,senalizacion_horizontal,senalizacion_transitoria,luminosidad,luz_artificial,transito_restringido,estado_ambiental,visibilidad,visibilidad_otro,semaforo
49299,OBSERVATORIO VIAL,2019-04-08,18:35:00,CORRIENTES,18,CAPITAL,21,CORRIENTES,Urbana,Avenida,INDEPENDENCIA,4300,RIO JURAMENTO,,-2.748.144,-5.879.932,0,2,0,2,0,Colisión entre vehículos,Colisión entre vehículos,S/D,,Alcance,2,Recta,Intersección / cruce,,NO,,Hormigón,,Apto,"Despejada, Seca",,Cordón Divisorio,,,,Si,No,No,Día,NO,Sin Restricción,Despejado,Buena,,Sin Semáforo
49521,OBSERVATORIO VIAL,2019-04-08,13:45:00,CORRIENTES,18,CAPITAL,21,CORRIENTES,Urbana,Avenida,"J. M, ESTRADA",2500,RIO NEGRO,,-2.748.855,-5.882.964,3,0,0,2,0,Colisión entre vehículos,Colisión entre vehículos,S/D,,Alcance,2,Recta,Intersección / cruce,,NO,,Hormigón,,Apto,Seca,,Cordón Divisorio,,,,Si,No,No,Día,NO,,Despejado,Buena,,Sin Semáforo
55117,OBSERVATORIO VIAL,2019-04-08,0:30:00,CORRIENTES,18,CAPITAL,21,CORRIENTES,Urbana,Avenida,AVENIDA LIBERTAD,5500,LOS CLAVELES,,-2.746.438,-5.878.094,1,1,0,2,0,Colisión entre vehículos,Colisión entre vehículos,S/D,,Frontal,2,Recta,Intersección / cruce,,NO,,Asfalto,,Apto,Seca,,Ninguna,,,,Si,No,No,Noche,SI,Sin Restricción,Despejado,Buena,,Sin Semáforo
49221,OBSERVATORIO VIAL,2019-04-08,12:30:00,CORRIENTES,18,CAPITAL,21,CORRIENTES,Urbana,Calle,FRAGATA HERCULES,1700,EX VIA,,-2.747.842,-5.882.052,1,1,0,2,0,Colisión entre vehículos,Colisión entre vehículos,S/D,,,2,Recta,Intersección / cruce,,NO,,Hormigón,,Apto,Seca,,Ninguna,,,,No,No,No,Día,NO,Sin Restricción,Despejado,Buena,,Sin Semáforo
49368,OBSERVATORIO VIAL,2019-04-07,6:20:00,CORRIENTES,18,CAPITAL,21,CORRIENTES,Urbana,Avenida,AVENIDA PEDRO FERRE,1900,PARAGUAY,,-2.747.695,-5.882.750,2,0,0,2,0,Colisión entre vehículos,Colisión entre vehículos,S/D,,Angulo,2,Recta,Intersección / cruce,,NO,,Hormigón,,Apto,Seca,,Ninguna,,,,Si,Si,,Amanecer,SI,,Despejado,Buena,,Funciona
49493,OBSERVATORIO VIAL,2019-04-07,11:45:00,CORRIENTES,18,CAPITAL,21,CORRIENTES,Urbana,Calle,LAVALLE,1700,ELIAS ABAD,,-2.747.557,-5.884.831,1,2,0,2,0,Colisión entre vehículos,Colisión entre vehículos,S/D,,Rozamiento,2,Recta,Intersección / cruce,,NO,,Hormigón,,Apto,Seca,,Ninguna,,,,Si,No,No,Día,NO,Sin Restricción,Despejado,Buena,,Sin Semáforo
53380,OBSERVATORIO VIAL,2019-04-07,17:45:00,CORRIENTES,18,CAPITAL,21,CORRIENTES,Urbana,Avenida,AVENIDA LA PAZ,1500,AVENIDA MAIPU,,-2.748.405,-5.882.503,2,1,0,2,0,Colisión entre vehículos,Colisión entre vehículos,S/D,,Alcance,2,Recta,Intersección / cruce,,NO,,Hormigón,,Apto,"Despejada, Seca",,Cordón Divisorio,,,,Si,No,No,Día,NO,Sin Restricción,Despejado,,,Funciona
53855,OBSERVATORIO VIAL,2019-04-07,8:30:00,CORRIENTES,18,CAPITAL,21,CORRIENTES,Urbana,Avenida,AV R.R. ALFONSIN,3115,RECONQUISTA,,-2.747.153,-5.881.131,1,2,0,3,0,Colisión entre vehículos,Colisión entre vehículos,S/D,,"Lateral, Multiple",3,Recta,Intersección / cruce,,,,Asfalto,,Apto,Seca,,Ninguna,,,,No,No,No,Día,NO,Sin Restricción,Despejado,Buena,,Sin Semáforo
58323,OBSERVATORIO VIAL,2019-04-05,23:35:00,CORRIENTES,18,CAPITAL,21,CORRIENTES,Urbana,Avenida,AV 3 DE ABRIL,1400,CATAMARCA,,-2.747.589,-5.883.394,4,2,0,4,0,Colisión entre vehículos,Colisión entre vehículos,S/D,,,4,Recta,Intersección / cruce,,NO,,Hormigón,,Apto,Seca,,Ninguna,,,,Si,Si,No,Día,SI,Sin Restricción,Despejado,Buena,,Sin Semáforo
49366,OBSERVATORIO VIAL,2019-04-05,16:55:00,CORRIENTES,18,CAPITAL,21,CORRIENTES,Urbana,Calle,GUTEMBERG,2000,LA MADRID,,-2.748.232,-5.883.213,2,0,0,2,0,Colisión entre vehículos,Colisión entre vehículos,S/D,,Angulo,2,Recta,Intersección / cruce,,NO,,Hormigón,,Apto,Seca,,Ninguna,,,,No,No,No,Día,NO,Sin Restricción,Despejado,Buena,,Sin Semáforo
49562,OBSERVATORIO VIAL,2019-04-05,11:50:00,CORRIENTES,18,CAPITAL,21,CORRIENTES,Urbana,Avenida,AVENIDA FERRE,1800,JUJUY,,-2.747.686,-5.882.889,1,1,0,2,0,Colisión entre vehículos,Colisión entre vehículos,S/D,,Alcance,2,Recta,Intersección / cruce,,NO,,Hormigón,,Apto,Seca,,Ninguna,,,,Si,Si,No,Día,NO,Sin Restricción,Despejado,Buena,,Funciona
49528,OBSERVATORIO VIAL,2019-04-05,11:00:00,CORRIENTES,18,CAPITAL,21,CORRIENTES,Urbana,Calle,TARAGUI,2000,2 DE abril,,-2.749.695,-5.882.883,2,0,0,2,0,Colisión entre vehículos,Colisión entre vehículos,S/D,,Angulo,2,Recta,Intersección / cruce,,NO,,Tierra,,Apto,Seca,,Ninguna,,,,Si,No,No,Día,NO,Sin Restricción,Despejado,Buena,,Sin Semáforo
59878,OBSERVATORIO VIAL,2019-04-05,7:30:00,CORRIENTES,18,CAPITAL,21,CORRIENTES,Urbana,Avenida,LIBERTAD,5000,JR FERNANDEZ,,-2.746.678,-5.879.005,1,1,0,2,0,Colisión entre vehículos,Colisión entre vehículos,S/D,,,2,Recta,Intersección / cruce,,,,Hormigón,,Apto,,,Ninguna,,,,Si,Si,,Día,,Sin Restricción,Despejado,Buena,,Funciona
49275,OBSERVATORIO VIAL,2019-04-04,11:20:00,CORRIENTES,18,CAPITAL,21,CORRIENTES,Urbana,Avenida,AV LIBERTAD,5500,ALFREDO LANARI,,-2.746.428,-5.878.063,1,1,0,2,0,Colisión entre vehículos,Colisión entre vehículos,S/D,,Angulo,2,Recta,Intersección / cruce,,NO,,Hormigón,,,,,Guardarraíl,,,,Si,No,S/D,Día,,Sin Restricción,Despejado,Buena,,Sin Semáforo
68856,CORRIENTES,2019-04-03,19:15:00,CORRIENTES,18,CAPITAL,21,CORRIENTES,Urbana,Avenida,AV. ALFONSIN,4300,DORREGO,,,,1,1,0,2,0,Colisión entre vehículos,Colisión entre vehículos,S/D,,,2,Recta,Intersección / cruce,,NO,,Asfalto,,Apto,Seca,,Cordón Divisorio,,,,S/D,S/D,S/D,Atardecer,NO,,Despejado,Buena,,Sin Semáforo
49584,OBSERVATORIO VIAL,2019-04-03,19:35:00,CORRIENTES,18,CAPITAL,21,CORRIENTES,Urbana,Avenida,AVENIDA ARTIGAS,1500,RIVADAVIA,,-2.747.602,-5.881.963,2,0,0,2,0,Colisión entre vehículos,Colisión entre vehículos,S/D,,Angulo,2,Recta,Intersección / cruce,,NO,,Hormigón,,Apto,Seca,,Ninguna,,,,Si,No,No,Noche,SI,,Despejado,,,Sin Semáforo
49329,OBSERVATORIO VIAL,2019-04-02,7:45:00,CORRIENTES,18,CAPITAL,21,CORRIENTES,Urbana,Avenida,AVENIDA PUJOL,800,VELEZ SARSFIELD,,-2.746.847,-5.882.013,4,0,0,2,0,Colisión entre vehículos,Colisión entre vehículos,S/D,,Angulo,2,Recta,Intersección / cruce,,NO,,Hormigón,,Apto,Seca,,,PARTERRE,,,Si,,,Día,NO,Sin Restricción,Despejado,Buena,,Sin Semáforo
53625,observatorio vial,2019-04-02,1:30:00,CORRIENTES,18,CAPITAL,21,CORRIENTES,Urbana,Avenida,AV C CORRENTINOS,4000,las piedra,,-2.748.886,-5.880.115,1,1,0,2,0,Colisión entre vehículos,Colisión entre vehículos,S/D,,Alcance,2,Recta,Intersección / cruce,,NO,,Asfalto,,Apto,Seca,,Cordón Divisorio,,,,Si,,,Noche,SI,Sin Restricción,Despejado,Buena,,Intermitente
59876,OBSERVATORIO VIAL,2019-04-02,16:55:00,CORRIENTES,18,CAPITAL,21,CORRIENTES,Urbana,Avenida,AV. TRES DE ABRIL,1400,CATAMARCA,BANDA NORTE,-2.747.597,-5.883.388,2,0,0,2,0,Colisión entre vehículos,Colisión entre vehículos,S/D,,Alcance,2,Recta,Intersección / cruce,,NO,,Hormigón,,Apto,Seca,,Barrera de Hormigón,,,,Si,Si,No,Día,NO,Sin Restricción,Despejado,Buena,,Funciona
49246,OBSERVATORIO VIAL,2019-04-02,8:00:00,CORRIENTES,18,CAPITAL,21,CORRIENTES,Urbana,Avenida,MAIPU,4900,ORAN,,-2.750.907,-5.881.037,1,1,0,2,0,Colisión entre vehículos,Colisión entre vehículos,S/D,,,2,Recta,Intersección / cruce,,NO,,Asfalto,,Apto,Seca,,Ninguna,,,,No,No,No,Día,NO,Sin Restricción,Despejado,Buena,,Sin Semáforo
49580,OBSERVAORIO VIAL,2019-04-02,19:00:00,CORRIENTES,18,CAPITAL,21,CORRIENTES,Rural,Ruta Nacional,12,1029,,,-2.749.312,-5.877.853,1,1,0,2,0,Colisión entre vehículos,Colisión entre vehículos,S/D,,,2,Recta,Intersección / cruce,,NO,,Hormigón,,Apto,Seca,,Ninguna,,,,No,No,No,Noche,SI,,Despejado,,,Sin Semáforo
67494,OBSERVATORIO VIAL,2019-04-02,15:00:00,CORRIENTES,18,CAPITAL,21,CORRIENTES,Urbana,Calle,JULIO,1700,ESPAÑA,,-2.746.706,-5.882.909,2,0,0,2,0,Colisión entre vehículos,Colisión entre vehículos,S/D,,,2,Recta,Intersección / cruce,,NO,,Hormigón,,,Seca,,Ninguna,,,,Si,No,No,Día,NO,Sin Restricción,Despejado,Buena,,Sin Semáforo
49524,OBSERVATORIO VIAL,2019-04-02,18:20:00,CORRIENTES,18,CAPITAL,21,CORRIENTES,Urbana,Avenida,AVENIDA MAIPU,4500,,,-2.751.402,-5.880.696,2,1,0,2,0,Colisión entre vehículos,Colisión entre vehículos,S/D,,Rozamiento,2,Recta,,IGUAL SENTIDO,NO,,Asfalto,,Apto,Seca,,Cordón Divisorio,,,,No,No,No,Día,NO,,Despejado,,,Sin Semáforo
49589,OBSERVATORIO VIAL,2019-04-02,3:35:00,CORRIENTES,18,CAPITAL,21,CORRIENTES,Urbana,Calle,BOLIVAR,1400,CATAMARCA,,-2.747.121,-5.883.340,2,0,0,2,0,Colisión entre vehículos,Colisión entre vehículos,S/D,,,2,Recta,Intersección / cruce,,NO,,Hormigón,,Apto,Seca,,Ninguna,,,,No,Si,S/D,Noche,SI,Sin Restricción,Despejado,Buena,,Sin Semáforo
53737,OBSERVATORIO VIAL,2019-04-02,18:15:00,CORRIENTES,18,CAPITAL,21,CORRIENTES,Urbana,Avenida,AV.ARTIGAS,1380,,,-2.747.462,-5.881.944,1,1,0,2,0,Colisión entre vehículos,Colisión entre vehículos,S/D,,Alcance,2,Recta,Intersección / cruce,,NO,,Asfalto,,Apto,Seca,,Ninguna,,,,Si,Si,No,Día,NO,Sin Restricción,Despejado,Buena,,Funciona
62909,OBSERVATORIO VIAL,2019-04-01,23:30:00,CORRIENTES,18,CAPITAL,21,CORRIENTES,Urbana,Calle,SAN LUIS,1300,BOLIVAR,,-2.747.033,-5.884.318,1,1,0,2,0,Colisión entre vehículos,Colisión entre vehículos,S/D,,Lateral,2,Recta,Intersección / cruce,,NO,,Hormigón,,Apto,Seca,,Ninguna,,,,No,No,No,Atardecer,NO,,,Buena,,Sin Semáforo
49352,OBSERVATORIO VIAL,2019-04-01,18:35:00,CORRIENTES,18,CAPITAL,21,CORRIENTES,Urbana,Avenida,AVENIDA ARMENIA,4500,RICARDO GUIRALDE,,-2.746.821,-5.879.654,0,2,0,2,0,Colisión entre vehículos,Colisión entre vehículos,S/D,,Angulo,2,Recta,Intersección / cruce,,NO,,Asfalto,,Apto,Seca,,Cordón Divisorio,,,,,No,No,,NO,Sin Restricción,Despejado,Buena,,Sin Semáforo
55381,OBSERVATORIO VIL,2019-04-01,13:19:00,CORRIENTES,18,CAPITAL,21,CORRIENTES,Urbana,Calle,SAN MARTIN,1000,SAN LORENZO,,-2.747.025,-5.883.202,1,1,0,2,0,Colisión entre vehículos,Colisión entre vehículos,S/D,,Angulo,2,Recta,Intersección / cruce,,NO,,Asfalto,,Apto,Seca,,Ninguna,,,,Si,Si,No,Día,NO,Sin Restricción,Despejado,Buena,,Funciona
62870,OBSERVATORIO  VIAL,2019-04-01,10:15:00,CORRIENTES,18,CAPITAL,21,CORRIENTES,Urbana,Avenida,ARTIGAS,1220,,,-2.747.356,-5.881.905,2,0,0,2,0,Colisión entre vehículos,Colisión entre vehículos,S/D,,,2,Recta,,,,,Asfalto,,Apto,Seca,,Ninguna,,,,Si,Si,No,Día,NO,Sin Restricción,Despejado,Buena,,Funciona
49451,OBSERVATORIO VIAL,2019-04-01,11:48:00,CORRIENTES,18,CAPITAL,21,CORRIENTES,Urbana,Avenida,AVENIDA TENIENTE IBAÑEZ,3200,CONTE,,-2.748.555,-5.883.526,0,2,0,2,0,Colisión entre vehículos,Colisión entre vehículos,S/D,,Frontal,2,Curva,Intersección / cruce,,NO,,Asfalto,,Apto,,,Ninguna,,,,Si,S/D,S/D,Día,NO,,Despejado,,,Sin Semáforo
58509,OBSERVATORIO VIAL,2019-03-29,11:15:00,CORRIENTES,18,CAPITAL,21,CORRIENTES,Urbana,Calle,SUIZA,3200,REPUBLICA DOMINICANA,,-2.747.614,-5.881.072,1,1,0,2,0,Colisión entre vehículos,Colisión entre vehículos,S/D,,Lateral,2,Recta,Intersección / cruce,,,,Hormigón,,Apto,Seca,,Ninguna,,,,No,No,No,Día,NO,Sin Restricción,Despejado,Buena,,Sin Semáforo
62852,OBSERVATORIO VIAL,2019-03-29,0:55:00,CORRIENTES,18,CAPITAL,21,CORRIENTES,Rural,Ruta Nacional,12,KM1018,MAIPU,ACCESO PIRAYUI,-2.751.741,-5.876.844,0,1,0,1,0,"Caída desde vehículo, Despiste",Despiste,Si,,,1,Recta,,,NO,,Asfalto,,En reparación,Seca,,Otro,,,,,,,Amanecer,NO,Obra en Construcción,Despejado,,,
56477,OBSERVATORIO VIAL,2019-03-29,11:10:00,CORRIENTES,18,CAPITAL,21,CORRIENTES,Urbana,Calle,MORENO,2200,ROCA,,-2.747.457,-5.882.343,2,1,0,2,0,Colisión entre vehículos,Colisión entre vehículos,S/D,,Angulo,2,Recta,Intersección / cruce,,NO,,Hormigón,,Apto,Seca,,Ninguna,,,,Si,Si,No,Día,NO,Sin Restricción,Despejado,Buena,,Sin Semáforo
62853,OBSERVATORIO VIAL,2019-03-28,6:00:00,CORRIENTES,18,CAPITAL,21,CORRIENTES,Urbana,Avenida,PATAGONIA,2200,PAYSANDU,,-2.749.255,-5.882.430,1,1,0,2,0,Colisión entre vehículos,Colisión entre vehículos,S/D,,Angulo,2,Recta,Intersección / cruce,,NO,,Hormigón,,Apto,Seca,,Cordón Divisorio,,,,No,No,No,Amanecer,SI,,Despejado,Buena,,Sin Semáforo
53752,OBSERVATORIO VIAL,2019-03-28,0:00:00,CORRIENTES,18,CAPITAL,21,CORRIENTES,Urbana,Avenida,AV. RAUL ALFONSIN,1030,RUTA NACIONAL N12,,-2.747.812,-5.878.295,0,1,0,1,0,Caída desde vehículo,Caída desde vehículo,S/D,,,1,Recta,Intersección / cruce,,NO,,Asfalto,,Apto,Seca,,,,,,,,,Noche,SI,,,,,
49603,OBSERVATORIO VIAL,2019-03-28,12:30:00,CORRIENTES,18,CAPITAL,21,CORRIENTES,Urbana,Avenida,AV PUJOL,2200,PELLEGRINI,,-2.746.647,-5.882.281,2,0,0,2,0,Colisión entre vehículos,Colisión entre vehículos,S/D,,Rozamiento,2,Curva,Rotonda,,NO,,Hormigón,,Apto,Seca,,Ninguna,,,,No,No,No,Día,NO,Sin Restricción,Despejado,Buena,,Sin Semáforo
49257,OBSERVATORIO    VIAL,2019-03-28,12:30:00,CORRIENTES,18,CAPITAL,21,CORRIENTES,Urbana,Avenida,GOBERNADOR RUIZ,2100,,,-2.746.675,-5.882.004,1,1,0,2,0,,,S/D,,,2,Recta,Intersección / cruce,,NO,,Asfalto,,Apto,Seca,,Ninguna,,,,No,No,No,Día,NO,Sin Restricción,Despejado,Buena,,Sin Semáforo
49401,OBSERVATORIO VIAL,2019-03-27,11:38:00,CORRIENTES,18,CAPITAL,21,CORRIENTES,Urbana,Avenida,AV SARMIENTO,2200,,,-2.748.324,-5.883.087,2,0,0,2,0,Colisión entre vehículos,Colisión entre vehículos,S/D,,Alcance,2,Recta,Intersección / cruce,,NO,,Asfalto,,Apto,"Despejada, Seca",,,,,,Si,Si,S/D,Día,SI,,Despejado,Buena,,Funciona
49209,OBSERVATORIO VIAL,2019-03-27,9:30:00,CORRIENTES,18,CAPITAL,21,CORRIENTES,Urbana,Calle,LAVALLE,1900,PARAGUAY,,-2.747.790,-5.882.762,0,2,0,2,0,Colisión entre vehículos,Colisión entre vehículos,S/D,,Alcance,2,Recta,Intersección / cruce,,NO,,Asfalto,,Baches,,,Ninguna,,,,Si,S/D,S/D,Día,NO,Sin Restricción,Nublado,Buena,,Sin Semáforo
49452,OBSERVATORIO VIAL,2019-03-27,8:00:00,CORRIENTES,18,CAPITAL,21,CORRIENTES,Urbana,Avenida,AVENIDA ARMENIA,4000,MONTEAGUDO,,-2.746.681,-5.879.078,0,1,0,1,0,Caída desde vehículo,Caída desde vehículo,S/D,,,1,Recta,Intersección / cruce,,NO,,Asfalto,,Apto,"Despejada, Seca",,Ninguna,,,,S/D,S/D,S/D,Día,NO,Sin Restricción,Despejado,Buena,,Sin Semáforo
49566,OBSERVATORIO VIAL,2019-03-27,8:10:00,CORRIENTES,18,CAPITAL,21,CORRIENTES,Urbana,Avenida,AVENIDA IV CENTENARIO,3000,TARAGUI,,-2.749.548,-5.883.813,2,0,0,2,0,Colisión entre vehículos,Colisión entre vehículos,S/D,,Angulo,2,Recta,Intersección / cruce,,NO,,Hormigón,,Apto,Seca,,Ninguna,,,,Si,No,No,Día,NO,Sin Restricción,Despejado,Buena,,Sin Semáforo
54634,OBSERVATORIO VIAL,2019-03-25,16:00:00,CORRIENTES,18,CAPITAL,21,CORRIENTES,Urbana,Ruta Provincial,5,2,,,-2.748.599,-5.877.061,2,0,0,2,0,Colisión entre vehículos,Colisión entre vehículos,S/D,,Angulo,2,Recta,,,NO,,Asfalto,,Apto,Seca,,,,,,No,No,No,Día,NO,,Despejado,Buena,,Sin Semáforo
62902,OBSERVATORIO VIAL,2019-03-25,17:15:00,CORRIENTES,18,CAPITAL,21,CORRIENTES,Urbana,Calle,ESPAÑA,1560,,,-2.747.567,-5.883.004,0,2,0,1,0,Caída desde vehículo,Caída desde vehículo,S/D,,,1,Recta,,,NO,,Hormigón,,Apto,Seca,,Ninguna,,,,No,No,No,Día,NO,Sin Restricción,Despejado,,,Sin Semáforo
59001,OBSERVATORIO VIAL,2019-03-25,10:25:00,CORRIENTES,18,CAPITAL,21,CORRIENTES,Urbana,Calle,SANTA FE,1500,MORENO,,-2.747.374,-5.883.091,1,1,0,2,0,Colisión entre vehículos,Colisión entre vehículos,S/D,,,2,Recta,Intersección / cruce,,NO,,Hormigón,,Apto,Seca,,Ninguna,,,,No,No,,Día,NO,Sin Restricción,Despejado,Buena,,Sin Semáforo
49303,OBSERVATORIO VIAL,2019-03-25,11:50:00,CORRIENTES,18,CAPITAL,21,CORRIENTES,Urbana,Calle,9 DE julio,1500,SANTA FE,,-2.746.693,-5.883.032,1,1,0,2,0,Colisión entre vehículos,Colisión entre vehículos,S/D,,Angulo,2,Recta,Intersección / cruce,,NO,,Hormigón,,Apto,,,,,,,,,,,NO,,Despejado,Buena,,
49203,OBSERVATORIO VIAL,2019-03-25,7:50:00,CORRIENTES,18,CAPITAL,21,CORRIENTES,Urbana,Avenida,AV MAIPU,2650,NICARAGUA,,-2.749.884,-5.881.476,1,1,0,2,0,Colisión entre vehículos,Colisión entre vehículos,S/D,,Alcance,2,Recta,Intersección / cruce,,NO,,Asfalto,,Apto,Seca,,Ninguna,,,,Si,No,No,Día,NO,Sin Restricción,Despejado,Buena,,Sin Semáforo
57022,OBSERVATORIO VIAL,2019-03-24,1:30:00,CORRIENTES,18,CAPITAL,21,CORRIENTES,Urbana,Avenida,CAZADORES CORRENTINOS,4100,MEDRANO,,-2.748.772,-5.879.926,1,2,0,2,0,Colisión entre vehículos,Colisión entre vehículos,S/D,,Lateral,2,Recta,Intersección / cruce,,NO,,Hormigón,,Apto,Seca,,Cordón Divisorio,,,,Si,S/D,S/D,Noche,SI,Sin Restricción,Despejado,Buena,,No Funciona
49441,OBSERVATORIO VIAL,2019-03-24,13:00:00,CORRIENTES,18,CAPITAL,21,CORRIENTES,Urbana,Calle,ESPAÑA,1200,BELGRANO,,-2.747.279,-5.882.973,1,1,0,2,0,Colisión entre vehículos,Colisión entre vehículos,S/D,,Alcance,2,Recta,Intersección / cruce,,NO,,Hormigón,,Apto,Seca,,Ninguna,,,,No,No,No,Día,NO,Sin Restricción,Despejado,Buena,,Sin Semáforo
49504,OBSERVATORIO VIAL,2019-03-23,20:35:00,CORRIENTES,18,CAPITAL,21,CORRIENTES,Urbana,Calle,ESPAÑA,800,JUNIN,,-2.746.832,-5.882.919,2,0,0,2,0,Colisión entre vehículos,Colisión entre vehículos,S/D,,Angulo,2,Recta,Intersección / cruce,,NO,,,,Apto,Seca,,Ninguna,,,,Si,Si,No,Noche,SI,Sin Restricción,Despejado,Buena,,Sin Semáforo
49516,OBSERVATORIO VIAL,2019-03-23,8:30:00,CORRIENTES,18,CAPITAL,21,CORRIENTES,Urbana,Ruta Provincial,RUTA 5,1 1/2,CESAR ALVARES (Pacheco),,-2.748.600,-5.877.051,2,0,0,2,0,Colisión entre vehículos,Colisión entre vehículos,S/D,,Alcance,2,Recta,Intersección / cruce,,NO,,Asfalto,,Apto,Seca,,Ninguna,,,,Si,Si,No,Día,NO,Sin Restricción,,Buena,,Funciona
49506,OBSERVATORIO VIAL,2019-03-23,1:15:00,CORRIENTES,18,CAPITAL,21,CORRIENTES,Urbana,Avenida,IV CENTENARIO,1200,MAGALLANE,,-2.749.261,-5.883.807,1,1,0,2,0,Colisión entre vehículos,Colisión entre vehículos,S/D,,Alcance,2,Recta,Intersección / cruce,,NO,,Hormigón,,Apto,Mojada,,Ninguna,,,,Si,Si,No,Noche,SI,,Lluvia,,,Sin Semáforo
49608,OBSERVATORIO VIAL,2019-03-23,8:35:00,CORRIENTES,18,CAPITAL,21,CORRIENTES,Urbana,Calle,DON BOSCO,1300,MORENO,BELGRANO,-2.747.219,-5.884.979,2,0,0,2,0,Colisión entre vehículos,Colisión entre vehículos,S/D,,Angulo,2,Recta,Intersección / cruce,,,,Hormigón,,Apto,Seca,,Ninguna,,,,S/D,S/D,S/D,Día,NO,Sin Restricción,Despejado,Buena,,Sin Semáforo
49413,OBSERVATORIO VIAL,2019-03-23,10:15:00,CORRIENTES,18,CAPITAL,21,CORRIENTES,Urbana,Calle,LA RIOJA,1000,BELGRANO,,-2.747.193,-5.883.853,2,1,0,2,0,Colisión entre vehículos,Colisión entre vehículos,S/D,,Angulo,2,Recta,Intersección / cruce,,NO,,Asfalto,,Apto,Seca,,Ninguna,,,,Si,,,Día,NO,Sin Restricción,Nublado,Buena,,Sin Semáforo
53800,OBSERVATORIO VIAL,2019-03-23,8:30:00,CORRIENTES,18,CAPITAL,21,CORRIENTES,Urbana,Avenida,AVENIDA CAZADORES CORRENTINOS,2200,MEDRANO,,-2.748.756,-5.879.926,1,1,0,1,1,Atropello a peatón/es,Atropello a peatón/es,S/D,,,2,Recta,Intersección / cruce,,NO,,Hormigón,,Apto,Mojada,,,,,,Si,Si,No,Día,NO,Sin Restricción,Lluvia,Lluvia,,Funciona
49398,OBSERVATORIO VIAL,2019-03-22,18:35:00,CORRIENTES,18,CAPITAL,21,CORRIENTES,Urbana,Calle,RIVADAVIA,1800,JUJUY,,-2.747.517,-5.882.861,2,0,0,2,0,Colisión entre vehículos,Colisión entre vehículos,S/D,,Angulo,2,Recta,Intersección / cruce,,NO,,Asfalto,,Apto,"Despejada, Seca",,Ninguna,,,,S/D,S/D,S/D,Atardecer,NO,Sin Restricción,Despejado,Buena,,Sin Semáforo
54068,OBSERVATORIO VIAL,2019-03-22,8:05:00,CORRIENTES,18,CAPITAL,21,CORRIENTES,Urbana,Calle,GRAL PAZ,1700,ELIAS ABAD,,-2.747.677,-5.884.855,1,1,0,2,0,Colisión entre vehículos,Colisión entre vehículos,S/D,,Frontal,2,Recta,Intersección / cruce,,NO,,Hormigón,,Apto,Seca,,Ninguna,,,,Si,No,No,Día,NO,Sin Restricción,Despejado,Buena,,Sin Semáforo
49279,OBSERVATORIO VIAL,2019-03-22,8:45:00,CORRIENTES,18,CAPITAL,21,CORRIENTES,Urbana,Calle,CATAMARCA,1100,SAN MARTIN,,-2.747.011,-5.883.336,2,1,0,2,0,"Choque, Colisión entre vehículos",Colisión entre vehículos,S/D,,"En calzada, Rozamiento",2,Recta,Intersección / cruce,,NO,,Asfalto,,Apto,Seca,,Ninguna,,,,No,No,No,Día,NO,Sin Restricción,Despejado,Buena,,Sin Semáforo
49353,OBSERVATORIO VIAL,2019-03-22,19:30:00,CORRIENTES,18,CAPITAL,21,CORRIENTES,Urbana,Avenida,AVENIDA INDEPENDENCIA,3000,,,-2.747.858,-5.881.428,2,0,0,2,0,Colisión entre vehículos,Colisión entre vehículos,S/D,,Alcance,2,Curva,Intersección / cruce,,NO,,Hormigón,,Apto,Seca,,Ninguna,,,,,,,Día,NO,Sin Restricción,Despejado,Buena,,Funciona
59881,OBSERVATORIO VIAL,2019-03-22,12:20:00,CORRIENTES,18,CAPITAL,21,CORRIENTES,Urbana,Avenida,INDEPENDENCIA,3400,,,-2.747.923,-5.880.985,1,1,0,2,0,Colisión entre vehículos,Colisión entre vehículos,S/D,,,2,Recta,Intersección / cruce,,NO,,Hormigón,,Apto,Seca,,Cordón Divisorio,,,,Si,Si,No,Día,NO,Sin Restricción,Despejado,Buena,,Funciona