id_feu,unidad_regional,siniestro_fecha,siniestro_hora,provincia,id_provincia,departamento,id_departamento,localidad,zona_ocurrencia,via_publica,nombre_via,altura_km,entre_calle_1,entre_calle_2,latitud,longitud,ilesos,heridos,fallecidos,vehiculos,peatones,tipo_siniestro_multiple,tipo_siniestro_unico,despiste_previo,tipo_siniestro_otro,tipo_colision,cantidad_de_involucrados,trazado_via,configuracion_de_la_via,configuracion_de_la_via_otro_tipo,pendiente_declive,cono_de_vision,material_de_la_calzada,material_de_la_calzada_otro,estado_de_la_calzada,estado_fisico_ambiental,estado_de_conservacion_otro,division_fisica_de_la_via,division_fisica_de_la_via_otro,barreras_de_seguridad,banquinas,senalizacion_carteleria,senalizacion_horizontal,senalizacion_transitoria,luminosidad,luz_artificial,transito_restringido,estado_ambiental,visibilidad,visibilidad_otro,semaforo
67483,OBSERVATORIO VIAL,2019-03-21,4:00:00,CORRIENTES,18,CAPITAL,21,CORRIENTES,Urbana,Avenida,AV PERON,4764,MONTECARLO,THAMES,-2.748.821,-5.879.460,0,2,0,1,1,Atropello a peatón/es,Atropello a peatón/es,S/D,,,2,Recta,Intersección / cruce,,NO,,Asfalto,,Apto,Seca,,Ninguna,,,,Si,S/D,S/D,Noche,SI,Sin Restricción,Despejado,Buena,,Sin Semáforo
53870,OBSERVATORIO VIAL,2019-03-21,12:50:00,CORRIENTES,18,CAPITAL,21,CORRIENTES,Urbana,Avenida,AV INDEPENDENCIA,3000,AV CHACABUCO,,-2.747.843,-5.881.466,2,0,0,2,0,Colisión entre vehículos,Colisión entre vehículos,S/D,,Alcance,2,Recta,Intersección / cruce,,NO,,Hormigón,,Apto,Seca,,Cordón Divisorio,,,,Si,Si,No,Día,NO,,Despejado,,,Funciona
56187,OBSERVATORIO VIAL,2019-03-21,12:30:00,CORRIENTES,18,CAPITAL,21,CORRIENTES,Urbana,Calle,SAN JUAN,1100,BOLIVAR,,-2.747.089,-5.883.702,1,1,0,2,0,Colisión entre vehículos,Colisión entre vehículos,S/D,,Alcance,2,Recta,Intersección / cruce,,NO,,Asfalto,,Apto,Seca,,Ninguna,,,,S/D,S/D,S/D,Día,NO,Sin Restricción,Despejado,Buena,,Sin Semáforo
49402,OBSERVATORIO VIAL,2019-03-21,12:30:00,CORRIENTES,18,CAPITAL,21,CORRIENTES,Urbana,Ruta Nacional,12,1027,AVENIDA CUBA,,-2.750.485,-5.877.377,1,2,0,2,0,Colisión entre vehículos,Colisión entre vehículos,S/D,,Alcance,2,Recta,Intersección / cruce,,NO,,Asfalto,,Apto,Seca,,Cordón Divisorio,,,,No,No,No,Día,NO,Sin Restricción,Despejado,Buena,,Sin Semáforo
55263,OBSERVATORIO VIAL,2019-03-21,13:31:00,CORRIENTES,18,CAPITAL,21,CORRIENTES,Urbana,Avenida,AVENIDA ARTIGAS,1100,BOLIVAR,,-2.747.268,-5.881.891,3,0,0,2,0,Colisión entre vehículos,Colisión entre vehículos,S/D,,Angulo,2,Recta,Intersección / cruce,,NO,,Asfalto,,Apto,Seca,,Ninguna,,,,Si,Si,No,Día,NO,Sin Restricción,Nublado,Buena,,Sin Semáforo
49538,OBSERVATORIO VIAL,2019-03-20,7:00:00,CORRIENTES,18,CAPITAL,21,CORRIENTES,Urbana,Calle,JOSE RAMON VIDAL,2200,,,-2.748.269,-5.883.901,1,2,0,2,0,"Choque, Colisión entre vehículos",Colisión entre vehículos,S/D,,"Alcance, En calzada",2,Recta,Intersección / cruce,,NO,,Asfalto,,Apto,Seca,,Ninguna,,,,No,No,No,Amanecer,SI,Sin Restricción,Despejado,Buena,,Sin Semáforo
58306,OBSERVATORIO VIAL,2019-03-19,8:00:00,CORRIENTES,18,CAPITAL,21,CORRIENTES,Urbana,Calle,BELGRANO,2400,VELEZ SARSFIELD,,-2.747.367,-5.882.076,1,1,0,2,0,Colisión entre vehículos,Colisión entre vehículos,S/D,,,2,Recta,Intersección / cruce,,NO,,Asfalto,,Apto,Seca,,Ninguna,,,,No,No,No,Día,NO,Sin Restricción,Despejado,Buena,,Sin Semáforo
49527,OBSERVATORIO VIAL,2019-03-19,8:25:00,CORRIENTES,18,CAPITAL,21,CORRIENTES,Urbana,Avenida,AVENIDA PUJOL,800,PARAGUAY,,-2.746.373,-5.882.608,0,1,0,1,0,"Caída desde vehículo, Despiste",Despiste,Si,,,1,Recta,,A MITAD DE CUADRA,NO,,Hormigón,,Apto,Seca,,Cordón Divisorio,,,,Si,No,No,Día,NO,Sin Restricción,Despejado,Buena,,Sin Semáforo
49570,OBSERVATORIO VIAL,2019-03-19,4:30:00,CORRIENTES,18,CAPITAL,21,CORRIENTES,Urbana,Avenida,AVENIDA 3 DE ABRIL,300,,,-2.747.446,-5.884.829,1,0,0,1,0,Vuelco (solo 1 participante),Vuelco (solo 1 participante),S/D,,,1,Curva,,CURVA,NO,,Hormigón,,Apto,Seca,,Ninguna,,,,Si,Si,No,Amanecer,SI,Sin Restricción,Despejado,Buena,,Sin Semáforo
54213,OBSERVATORIO VIAL,2019-03-19,10:25:00,CORRIENTES,18,CAPITAL,21,CORRIENTES,Urbana,Calle,NEUQUEN,1500,GDOR VELAZCO,,-2.748.752,-5.883.402,0,2,0,2,0,Colisión entre vehículos,Colisión entre vehículos,S/D,,Alcance,2,Recta,Intersección / cruce,,NO,,Hormigón,,Apto,Seca,,Ninguna,,,,Si,No,No,Día,NO,Sin Restricción,Despejado,Buena,,Sin Semáforo
68869,OBS VIAL,2019-03-19,14:30:00,CORRIENTES,18,CAPITAL,21,CORRIENTES,Urbana,Avenida,AV.ALTAGRACIA,2900,LOS ATACAMAS,,-2.750.804,-5.881.330,2,1,1,3,0,Colisión entre vehículos,Colisión entre vehículos,S/D,,Alcance,3,Recta,Intersección / cruce,,NO,,Asfalto,,Apto,Seca,,Ninguna,,,,Si,Si,S/D,Día,NO,Sin Restricción,Despejado,Buena,,Sin Semáforo
49404,OBSERVATORIO VIAL,2019-03-19,18:15:00,CORRIENTES,18,CAPITAL,21,CORRIENTES,Urbana,Avenida,AVENIDA TENIENTE IBAÑEZ,1300,CORDOBA,,-2.748.562,-5.883.672,0,2,0,2,0,Colisión entre vehículos,Colisión entre vehículos,S/D,,Frontal,2,Recta,Intersección / cruce,,NO,,Hormigón,,Apto,,,Ninguna,,,,S/D,S/D,S/D,Día,SI,Sin Restricción,Despejado,Buena,,Sin Semáforo
62880,OBSERVATORIO VIAL,2019-03-18,11:25:00,CORRIENTES,18,CAPITAL,21,CORRIENTES,Urbana,Calle,MENDOZA,700,PELLEGRINI,,-2.746.548,-5.883.533,1,1,0,2,0,Colisión entre vehículos,Colisión entre vehículos,S/D,,Alcance,2,Recta,,,NO,,Asfalto,,,,,,,,,No,No,No,,NO,,Despejado,Buena,,Sin Semáforo
49340,OBSERVATORIO VIAL,2019-03-17,13:30:00,CORRIENTES,18,CAPITAL,21,CORRIENTES,Urbana,Calle,9 DE julio,1700,ESPAÑA,,-2.746.704,-5.882.910,2,0,0,2,0,Colisión entre vehículos,Colisión entre vehículos,S/D,,Angulo,2,Recta,Intersección / cruce,,NO,,Asfalto,,Apto,"Despejada, Seca",,Ninguna,,,,Si,Si,,Día,NO,Sin Restricción,Despejado,Buena,,Sin Semáforo
49304,OBSERVATORIO VIAL,2019-03-17,19:05:00,CORRIENTES,18,CAPITAL,21,CORRIENTES,Urbana,Calle,URUGUAY,990,H IRIGOYEN,JUNIN,-2.746.955,-5.882.552,2,0,0,2,0,Colisión entre vehículos,Colisión entre vehículos,S/D,,Alcance,2,Recta,Intersección / cruce,,NO,,Hormigón,,Apto,"Despejada, Seca",,Ninguna,,,,No,No,No,Día,NO,Sin Restricción,Despejado,Buena,,Sin Semáforo
49382,OBSERVATORIO VIAL,2019-03-17,9:40:00,CORRIENTES,18,CAPITAL,21,CORRIENTES,Urbana,Calle,GDOR. VELAZCO,1800,LAVALLE,,-2.747.751,-5.883.273,1,1,0,2,0,Colisión entre vehículos,Colisión entre vehículos,S/D,,Angulo,2,Recta,Intersección / cruce,,NO,,Hormigón,,Apto,Seca,,Ninguna,,,,No,No,No,Día,NO,Sin Restricción,Despejado,Buena,,Sin Semáforo
53983,OBSERVTORIO VIAL,2019-03-16,11:38:00,CORRIENTES,18,CAPITAL,21,CORRIENTES,Urbana,Avenida,AVENIDA 3 DE ABRIL,1400,CATAMARCA,,-2.747.611,-5.883.394,1,1,0,2,0,Colisión entre vehículos,Colisión entre vehículos,S/D,,Alcance,2,Recta,Intersección / cruce,,NO,,,,Apto,Seca,,Cordón Divisorio,,,,Si,Si,,,NO,,Despejado,,,Funciona
56782,OBSERVATORIO VIAL,2019-03-16,9:30:00,CORRIENTES,18,CAPITAL,21,CORRIENTES,Urbana,Avenida,AV CAZADORES CORRENTINO,4600,DARRAGUEIRA,,-2.748.784,-5.879.767,0,1,0,1,0,Choque,Choque,S/D,,En calzada,1,Recta,Intersección / cruce,,NO,,Asfalto,,Apto,Seca,,Ninguna,,,,No,No,No,Día,NO,Sin Restricción,Despejado,Buena,,Sin Semáforo
49489,OBSERVATORIO VIAL,2019-03-15,18:15:00,CORRIENTES,18,CAPITAL,21,CORRIENTES,Urbana,Avenida,AV. SARMIENTO,1700,GRAL PAZ,,-2.747.856,-5.883.021,1,1,0,2,0,Colisión entre vehículos,Colisión entre vehículos,S/D,,,2,Recta,Intersección / cruce,,NO,,Asfalto,,Apto,Seca,,Ninguna,,,,Si,No,No,Día,NO,Sin Restricción,Despejado,Buena,,Sin Semáforo
49373,OBSERVATORIO VIAL,2019-03-14,16:20:00,CORRIENTES,18,CAPITAL,21,CORRIENTES,Urbana,Calle,ESPAÑA,700,CARLOS PELLEGRINI,,-2.746.602,-5.882.898,1,1,0,2,0,Colisión entre vehículos,Colisión entre vehículos,S/D,,Angulo,2,Recta,Intersección / cruce,,NO,,Hormigón,,Apto,"Despejada, Seca",,Ninguna,,,,Si,Si,No,,,Sin Restricción,Despejado,Buena,,Sin Semáforo
49220,OBSERVATORIO VIAL,2019-03-13,10:30:00,CORRIENTES,18,CAPITAL,21,CORRIENTES,Urbana,Avenida,AV INDEPENDENCIA,3700,TACUARI,,-2.747.945,-5.880.636,1,1,0,2,0,Colisión entre vehículos,Colisión entre vehículos,S/D,,Alcance,2,Recta,Intersección / cruce,,NO,,Hormigón,,Apto,Seca,,Cordón Divisorio,,,,Si,Si,No,Día,NO,Sin Restricción,Despejado,Buena,,Funciona
49514,OBSERVATORIO VIAL,2019-03-13,12:00:00,CORRIENTES,18,CAPITAL,21,CORRIENTES,Urbana,Avenida,AV CHACABUCO,2100,LA MADRID,,-2.748.418,-5.881.572,2,1,0,3,0,Colisión entre vehículos,Colisión entre vehículos,S/D,,Angulo,3,Recta,Intersección / cruce,,NO,,Hormigón,,Apto,Seca,,Ninguna,,,,No,No,No,Día,SI,Sin Restricción,Despejado,Buena,,Sin Semáforo
67481,OBSERVATORIO VIAL,2019-03-13,8:00:00,CORRIENTES,18,CAPITAL,21,CORRIENTES,Urbana,Calle,BONASTRE,1900,RAFAELA,,-2.749.665,-5.883.059,2,0,0,2,0,Colisión entre vehículos,Colisión entre vehículos,S/D,,,2,Recta,Intersección / cruce,,NO,,Hormigón,,Apto,Seca,,Ninguna,,,,No,No,No,Día,NO,Sin Restricción,Despejado,Buena,,Sin Semáforo
49217,OBSERVATORIO VIAL,2019-03-13,2:30:00,CORRIENTES,18,CAPITAL,21,CORRIENTES,Urbana,Ruta Provincial,RUTA PROVINCIAL N° 5,1,,,-2.748.604,-5.876.971,0,1,0,1,0,"Choque, Colisión entre vehículos",Colisión entre vehículos,S/D,CAÑO,Otro,1,Recta,,SOBRE CALZADA,NO,,Asfalto,,"Ahuellamiento, Baches","Con charcos o inundada, Mojada",,Ninguna,,,,No,No,Si,Noche,NO,Desvío Provisorio,Nublado,,SIN ILUMINACION,Intermitente
49565,OBSERVATORIO VIAL,2019-03-13,7:40:00,CORRIENTES,18,CAPITAL,21,CORRIENTES,Urbana,Calle,RIOJA,1000,RIVADAVIA,,-2.747.431,-5.883.878,2,1,0,2,0,Colisión entre vehículos,Colisión entre vehículos,S/D,,Angulo,2,Recta,Intersección / cruce,,NO,,Asfalto,,Apto,Seca,,Ninguna,,,,Si,Si,No,Día,NO,Sin Restricción,Despejado,Buena,,Sin Semáforo
60697,OBSERVATORIO VIAL,2019-03-13,23:00:00,CORRIENTES,18,CAPITAL,21,CORRIENTES,Urbana,Calle,FERRE,2800,CHILE,,-2.747.825,-5.881.724,1,1,0,2,0,Colisión entre vehículos,Colisión entre vehículos,S/D,,Lateral,2,Curva,Intersección / cruce,,NO,,Hormigón,,Apto,Seca,,Cordón Divisorio,,,,Si,Si,Si,Día,SI,Sin Restricción,Despejado,Buena,,Funciona
49244,OBSERVATORIO VIAL,2019-03-12,8:00:00,CORRIENTES,18,CAPITAL,21,CORRIENTES,Urbana,Avenida,MAIPU,4900,,,-2.750.898,-5.881.048,1,1,0,2,0,Colisión entre vehículos,Colisión entre vehículos,S/D,,,2,Recta,Intersección / cruce,,NO,,Asfalto,,,,,Ninguna,,,,No,No,No,Día,,Sin Restricción,Despejado,Buena,,Sin Semáforo
49491,OBSERVATORIO VIAL,2019-03-11,22:24:00,CORRIENTES,18,CAPITAL,21,CORRIENTES,Urbana,Avenida,AV CAZADORES CORRENTINO,4200,LAS PIEDRAS,,-2.748.724,-5.880.140,2,1,0,2,0,Colisión entre vehículos,Colisión entre vehículos,S/D,,Rozamiento,2,Recta,Fuera de calzada,,NO,,Hormigón,,Apto,Seca,,Ninguna,,,,Si,Si,No,Noche,SI,Sin Restricción,Despejado,Buena,,Funciona
49293,OBSERVATORIO VIAL,2019-03-11,13:20:00,CORRIENTES,18,CAPITAL,21,CORRIENTES,Urbana,Avenida,Av. CHACABUCO,2200,MADARIAGA,,-2.748.513,-5.881.591,2,0,0,2,0,Colisión entre vehículos,Colisión entre vehículos,S/D,,Angulo,2,Recta,Intersección / cruce,,NO,,Hormigón,,Apto,Seca,,Ninguna,,,,,,,Día,NO,Sin Restricción,Despejado,Buena,,
49435,OBSERVATORIO VIAL,2019-03-11,12:00:00,CORRIENTES,18,CAPITAL,21,CORRIENTES,Rural,Ruta Provincial,5,3.0,,,-2.748.440,-5.878.046,0,3,0,2,0,"Caída desde vehículo, Colisión entre vehículos",Colisión entre vehículos,S/D,,Frontal,2,Recta,,,NO,,Asfalto,,Apto,"Despejada, Seca",,Ninguna,,,,Si,Si,S/D,Día,SI,Sin Restricción,Despejado,Buena,,Intermitente
49517,OBSERVATORIO VIAL,2019-03-11,10:45:00,CORRIENTES,18,CAPITAL,21,CORRIENTES,Urbana,Calle,SAN MARTIN,1500,SAN LORENZO,,-2.747.028,-5.883.204,2,0,0,2,0,Colisión entre vehículos,Colisión entre vehículos,S/D,,Angulo,2,Recta,Intersección / cruce,,NO,,Asfalto,,Apto,Seca,,Cordón Divisorio,,,,Si,Si,No,Noche,SI,Sin Restricción,Despejado,Buena,,Sin Semáforo
49344,OBSERVATORIO VIAL,2019-03-11,13:45:00,CORRIENTES,18,CAPITAL,21,CORRIENTES,Urbana,Avenida,AVENIDA CARTAGENA,3200,CORINTO,,-2.749.350,-5.880.707,0,2,0,2,0,Colisión entre vehículos,Colisión entre vehículos,S/D,,Angulo,2,Recta,,,NO,,Hormigón,,Apto,Mojada,,Cordón Divisorio,,,,No,No,No,Día,NO,Sin Restricción,Lluvia,Buena,,Sin Semáforo
49436,OBSERVATORIO VIAL,2019-03-10,17:50:00,CORRIENTES,18,CAPITAL,21,CORRIENTES,Urbana,Avenida,AV. CHACABUCO Y LAMADRID,2100,,,-2.748.409,-5.881.570,1,1,0,2,0,Colisión entre vehículos,Colisión entre vehículos,S/D,,Angulo,2,Recta,Intersección / cruce,,NO,,Asfalto,,Apto,Seca,,Ninguna,,,,No,No,No,Día,NO,Sin Restricción,Despejado,Buena,,Sin Semáforo
62895,OBSERVATORIO VIAL,2019-03-10,15:50:00,CORRIENTES,18,CAPITAL,21,CORRIENTES,Urbana,Calle,RIOJA,1000,SAN MARTIN,,-2.746.970,-5.883.830,0,2,0,1,1,"Atropello a peatón/es, Caída desde vehículo",Atropello a peatón/es,S/D,,,2,Recta,,,NO,,Asfalto,,Apto,Seca,,Ninguna,,,,No,No,,Día,NO,Sin Restricción,Despejado,Buena,,Funciona
49372,OBSERVATORIO VIAL,2019-03-10,13:29:00,CORRIENTES,18,CAPITAL,21,CORRIENTES,Urbana,Avenida,AV ARTIGAS,1300,ALMIRANTE BROWN,,-2.747.385,-5.881.913,4,0,0,2,0,Colisión entre vehículos,Colisión entre vehículos,S/D,,Alcance,2,Recta,Intersección / cruce,,NO,,Hormigón,,Apto,Seca,,Ninguna,,,,Si,Si,No,Día,,Sin Restricción,Despejado,Buena,,Sin Semáforo
49276,OBSERVATORIO VIAL,2019-03-10,14:30:00,CORRIENTES,18,CAPITAL,21,CORRIENTES,Urbana,Avenida,AV 3 DE ABRIL,1600,SANTA FE,,-2.747.642,-5.883.143,2,0,0,2,0,"Choque, Colisión entre vehículos",Colisión entre vehículos,S/D,,"Alcance, En calzada",2,Recta,Intersección / cruce,,NO,,Asfalto,,Apto,Seca,,Ninguna,,,,Si,Si,,Día,NO,Sin Restricción,Despejado,Buena,,Funciona
49285,OBSERVATORIO VIAL,2019-03-09,13:20:00,CORRIENTES,18,CAPITAL,21,CORRIENTES,Urbana,Calle,MEDRANO,2800,RIO DE JANEIRO,,-2.749.561,-5.879.648,2,0,0,2,0,"Choque, Colisión entre vehículos",Colisión entre vehículos,S/D,,"En banquina, Rozamiento",2,Recta,Intersección / cruce,,NO,,Hormigón,,Apto,Seca,,Cordón Divisorio,,,,No,No,No,Día,NO,Sin Restricción,Despejado,Buena,,Sin Semáforo
49555,OBSERVATORIO VIAL,2019-03-08,8:10:00,CORRIENTES,18,CAPITAL,21,CORRIENTES,Urbana,Avenida,AVENIDA INDEPENDENCIA,3400,REPUBLICA DOMINICANA,,-2.747.902,-5.881.133,2,0,0,2,0,Colisión entre vehículos,Colisión entre vehículos,S/D,,Alcance,2,Recta,Intersección / cruce,,NO,,Hormigón,,Apto,Seca,,Ninguna,,,,Si,Si,No,Día,NO,Sin Restricción,Despejado,Buena,,Funciona
49564,OBSERVATORIO VIAL,2019-03-08,18:10:00,CORRIENTES,18,CAPITAL,21,CORRIENTES,Urbana,Calle,GENERAL PAZ,1700,GUEMES,,-2.748.206,-5.880.800,1,1,0,2,0,Colisión entre vehículos,Colisión entre vehículos,S/D,,Angulo,2,Recta,Intersección / cruce,,NO,,Hormigón,,Apto,Seca,,Ninguna,,,,Si,No,No,Día,NO,Sin Restricción,Despejado,Buena,,Sin Semáforo
54974,OBSERVATORIO VIAL,2019-03-07,8:30:00,CORRIENTES,18,CAPITAL,21,CORRIENTES,Urbana,Avenida,AVENIDA LIBERTAD,4800,MONTEAGUDO,,-2.746.678,-5.879.073,1,1,0,2,0,Colisión entre vehículos,Colisión entre vehículos,S/D,,Lateral,2,Recta,Intersección / cruce,,NO,,Asfalto,,Apto,Despejada,,Cordón Divisorio,,,,No,No,No,,NO,Sin Restricción,Despejado,Buena,,Sin Semáforo
57240,OBSERVATORIO VIAL,2019-03-07,10:40:00,CORRIENTES,18,CAPITAL,21,CORRIENTES,Urbana,Calle,GUASTAVINO,2100,LA MADRID,,-2.748.089,-5.884.381,1,1,0,2,0,Colisión entre vehículos,Colisión entre vehículos,S/D,,Angulo,2,Recta,Intersección / cruce,,NO,,Hormigón,,Apto,Seca,,Ninguna,,,,No,No,No,Día,NO,Sin Restricción,Despejado,Buena,,Sin Semáforo
54960,OBSERVATORIO VIAL,2019-03-06,10:20:00,CORRIENTES,18,CAPITAL,21,CORRIENTES,Urbana,Avenida,AVENIDA INDEPENDENCIA,1599,RECONQUISTA,,-2.747.848,-5.881.344,2,0,0,2,0,Colisión entre vehículos,Colisión entre vehículos,S/D,,,2,Recta,Intersección / cruce,,NO,,Hormigón,,Apto,Seca,,Cordón Divisorio,,,,S/D,S/D,,,NO,Sin Restricción,Nublado,Buena,,
54802,OBSERVATORIO VIL,2019-03-06,11:30:00,CORRIENTES,18,CAPITAL,21,CORRIENTES,Urbana,Avenida,AVENIDA LIBERTAD,4500,AVENIDA LAPRIDA,,-2.746.586,-5.878.673,2,0,0,2,0,Colisión entre vehículos,Colisión entre vehículos,S/D,,Alcance,2,Recta,Intersección / cruce,,NO,,Asfalto,,Apto,Seca,,Ninguna,,,,Si,Si,No,Día,NO,Sin Restricción,Despejado,Buena,,Funciona
56908,OBSERVATORIO VIAL,2019-03-05,0:15:00,CORRIENTES,18,CAPITAL,21,CORRIENTES,Urbana,Calle,PAGO LARGO,900,JUNIN,,-2.746.663,-5.884.805,1,1,0,2,0,Colisión entre vehículos,Colisión entre vehículos,S/D,,Angulo,2,Recta,Intersección / cruce,,NO,,Hormigón,,Apto,Seca,,Ninguna,,,,Si,S/D,S/D,Noche,SI,Sin Restricción,Nublado,Buena,,Sin Semáforo
49238,OBSERVATORIO VIAL,2019-03-03,16:50:00,CORRIENTES,18,CAPITAL,21,CORRIENTES,Urbana,Calle,PARAGUAY,1900',CORONEL BAIBENE,,-2.746.297,-5.882.598,2,0,0,2,0,Colisión entre vehículos,Colisión entre vehículos,S/D,,Angulo,2,Recta,,,NO,,Asfalto,,Apto,"Despejada, Seca",,,,,,,,,Día,NO,Sin Restricción,Despejado,Buena,,
49326,OBSERVATORIO VIAL,2019-03-03,5:00:00,CORRIENTES,18,CAPITAL,21,CORRIENTES,Urbana,Avenida,AVENIDA COSTANERA,500,,,-2.746.842,-5.884.369,0,1,0,1,0,Despiste,Despiste,Si,,,1,Recta,Fuera de calzada,,NO,,Asfalto,,Apto,Seca,,Cordón Divisorio,,,,S/D,S/D,S/D,Noche,SI,,Despejado,Buena,,Sin Semáforo
54984,OBSERVATORIO VIAL,2019-03-02,7:35:00,CORRIENTES,18,CAPITAL,21,CORRIENTES,Urbana,Avenida,AVENIDA CHACABUCO,1500,AVENIDA INDEPENDENCIA,,-2.747.843,-5.881.464,1,1,0,1,1,Atropello a peatón/es,Atropello a peatón/es,S/D,,,2,Recta,Intersección / cruce,,NO,,Hormigón,,Apto,"Despejada, Seca",,Ninguna,,,,No,No,No,Día,NO,Sin Restricción,Despejado,Buena,,Sin Semáforo
59883,OBSERVATORIO VIAL,2019-03-02,8:30:00,CORRIENTES,18,CAPITAL,21,CORRIENTES,Urbana,Calle,CHILE,2800,LAVALLE,,-2.747.884,-5.881.736,1,1,0,2,0,Colisión entre vehículos,Colisión entre vehículos,S/D,,Angulo,2,Recta,Intersección / cruce,,NO,,Asfalto,,Apto,Mojada,,,,,,S/D,S/D,S/D,Día,NO,Sin Restricción,Lluvia,Lluvia,,Sin Semáforo
49458,OBSERVATORIO VIAL,2019-03-02,8:30:00,CORRIENTES,18,CAPITAL,21,CORRIENTES,Urbana,Calle,MADARIAGA,1000,HEROES CIVILES,,-2.748.265,-5.883.998,1,1,0,2,0,Colisión entre vehículos,Colisión entre vehículos,S/D,,Angulo,2,Recta,Intersección / cruce,,NO,,Hormigón,,Apto,Seca,,Ninguna,,,,Si,No,No,Día,NO,Sin Restricción,Despejado,Buena,,Sin Semáforo
60698,OBSERVATORIO VIAL,2019-03-02,6:50:00,CORRIENTES,18,CAPITAL,21,CORRIENTES,Urbana,Avenida,RAUL ALFONSIN,4100,LOS TILOS,,-2.747.411,-5.880.141,2,0,0,2,0,Colisión entre vehículos,Colisión entre vehículos,S/D,,Lateral,2,Recta,Intersección / cruce,,NO,,Asfalto,,Ahuellamiento,Seca,,Cordón Divisorio,,,,No,No,No,Día,NO,Sin Restricción,Despejado,Buena,,Sin Semáforo
62887,OBSERVATORIO VIAL,2019-03-01,4:15:00,CORRIENTES,18,CAPITAL,21,CORRIENTES,Urbana,Calle,CARTAGENA,3900,,,-2.749.357,-5.880.588,0,1,0,1,0,Choque,Choque,S/D,,Inmueble,1,Recta,,,NO,,Hormigón,,Apto,Seca,,Ninguna,,,,No,No,No,Amanecer,NO,Sin Restricción,Despejado,Buena,,Sin Semáforo
64186,OBSERVATORIO VIAL,2019-02-28,8:00:00,CORRIENTES,18,CAPITAL,21,CORRIENTES,Urbana,Avenida,GDOR. SOTO,1901,PARAGUAY,,-2.747.795,-5.882.766,1,1,0,2,0,Colisión entre vehículos,Colisión entre vehículos,S/D,,,2,Recta,Intersección / cruce,,NO,,Hormigón,,Apto,Seca,,Ninguna,,,,No,No,No,Día,NO,Sin Restricción,Despejado,Buena,,Sin Semáforo
49333,OBSERVATORIO VIAL,2019-02-28,9:35:00,CORRIENTES,18,CAPITAL,21,CORRIENTES,Urbana,Calle,SAN MARTIN,1200,CORDOBA,,-2.747.002,-5.883.470,2,1,0,2,0,Colisión entre vehículos,Colisión entre vehículos,S/D,,Angulo,2,Recta,Intersección / cruce,,NO,,Asfalto,,Apto,Seca,,Ninguna,,,,S/D,S/D,S/D,Día,NO,,Despejado,Buena,,Sin Semáforo
49587,OBSERVATORIO VIAL,2019-02-27,10:00:00,CORRIENTES,18,CAPITAL,21,CORRIENTES,Urbana,Avenida,AV ARMENIA,4300,BENITO LINCH,,-2.746.842,-5.879.720,1,1,0,1,1,"Atropello a peatón/es, Colisión entre vehículos",Colisión entre vehículos,S/D,,Angulo,2,Recta,Intersección / cruce,,NO,,Hormigón,,Apto,Seca,,Ninguna,,,,Si,No,No,Día,NO,Sin Restricción,Despejado,Buena,,Sin Semáforo
53638,Observatorio  Vial,2019-02-27,0:40:00,CORRIENTES,18,,,CORRIENTES,Urbana,Avenida,Velez Sarfield,2400,Avenida Gdor. Ruiz,,-2.746.680,-5.881.989,2,1,0,2,0,"Colisión entre vehículos, Despiste",Colisión entre vehículos,Si,,Angulo,2,Recta,Intersección / cruce,,NO,,Asfalto,,Apto,"Despejada, Seca",,,,,,No,No,No,Noche,SI,Sin Restricción,Despejado,Buena,,Sin Semáforo
49473,OBSRVATORIO VIAL,2019-02-26,8:15:00,CORRIENTES,18,CAPITAL,21,CORRIENTES,Urbana,Avenida,AVENIDA MAIPU,2000,ACONCAGUA,,-2.749.815,-5.881.518,1,1,0,2,0,Colisión entre vehículos,Colisión entre vehículos,S/D,,Angulo,2,Recta,Intersección / cruce,,NO,,Asfalto,,Apto,Seca,,,,,,Si,Si,No,Día,NO,,Despejado,Buena,,Funciona
49485,OBSERVATORIO VIAL,2019-02-26,7:10:00,CORRIENTES,18,CAPITAL,21,CORRIENTES,Urbana,Avenida,AV ARMENIA,3200,,,-2.746.707,-5.880.765,2,0,0,2,0,Colisión entre vehículos,Colisión entre vehículos,S/D,,,2,Recta,Intersección / cruce,,NO,,Asfalto,,Apto,Mojada,,Ninguna,,,,S/D,S/D,S/D,Día,NO,Sin Restricción,Lluvia,Buena,,Sin Semáforo
49502,OBSERVATORIO VIAL,2019-02-26,22:20:00,CORRIENTES,18,CAPITAL,21,CORRIENTES,Urbana,Avenida,AV 3 DE ABRIL,1300,CORDOBA,,-2.747.595,-5.883.526,1,1,0,2,0,Colisión entre vehículos,Colisión entre vehículos,S/D,,Angulo,2,Recta,Intersección / cruce,,NO,,Hormigón,,Apto,Seca,,Ninguna,,,,Si,Si,No,Noche,SI,Sin Restricción,Despejado,Buena,,Funciona