id_feu,unidad_regional,siniestro_fecha,siniestro_hora,provincia,id_provincia,departamento,id_departamento,localidad,zona_ocurrencia,via_publica,nombre_via,altura_km,entre_calle_1,entre_calle_2,latitud,longitud,ilesos,heridos,fallecidos,vehiculos,peatones,tipo_siniestro_multiple,tipo_siniestro_unico,despiste_previo,tipo_siniestro_otro,tipo_colision,cantidad_de_involucrados,trazado_via,configuracion_de_la_via,configuracion_de_la_via_otro_tipo,pendiente_declive,cono_de_vision,material_de_la_calzada,material_de_la_calzada_otro,estado_de_la_calzada,estado_fisico_ambiental,estado_de_conservacion_otro,division_fisica_de_la_via,division_fisica_de_la_via_otro,barreras_de_seguridad,banquinas,senalizacion_carteleria,senalizacion_horizontal,senalizacion_transitoria,luminosidad,luz_artificial,transito_restringido,estado_ambiental,visibilidad,visibilidad_otro,semaforo
49242,OBSERVATORIO VIAL,2019-02-26,7:40:00,CORRIENTES,18,CAPITAL,21,CORRIENTES,Urbana,Avenida,AV. MAIPU,2400,,TUPUNGATO,-2.750.066,-5.881.355,0,3,0,1,0,"Choque, Colisión entre vehículos",Colisión entre vehículos,S/D,,Columna,1,Recta,Intersección / cruce,,NO,,Asfalto,,Apto,Seca,,Ninguna,,,,No,No,,Día,,Sin Restricción,Despejado,Buena,,Sin Semáforo
49519,OBSERVATORIO VIAL,2019-02-24,12:30:00,CORRIENTES,18,CAPITAL,21,CORRIENTES,Urbana,Calle,IRIGOYEN,1000,VELES SARSFIELD,,-2.747.020,-5.882.029,2,0,0,2,0,Colisión entre vehículos,Colisión entre vehículos,S/D,,Angulo,2,Recta,Intersección / cruce,,NO,,Hormigón,,Apto,Seca,,Ninguna,,,,Si,No,No,Día,NO,Sin Restricción,Despejado,Buena,,Sin Semáforo
67706,OBSERVATORIO VIAL,2019-02-23,6:30:00,CORRIENTES,18,CAPITAL,21,CORRIENTES,Urbana,Avenida,AV MAIPU,1507,SANTA CATALINA,,-2.749.164,-5.881.972,2,0,0,2,0,Colisión entre vehículos,Colisión entre vehículos,S/D,,,2,Recta,Intersección / cruce,,NO,,Asfalto,,Apto,Seca,,Ninguna,,,,S/D,No,No,,NO,Sin Restricción,Despejado,Buena,,Funciona
49411,OBSERVATORIO VIAL,2019-02-23,10:15:00,CORRIENTES,18,CAPITAL,21,CORRIENTES,Urbana,Calle,LA RIOJA,1000,BELGRANO,,-2.747.193,-5.883.853,2,1,0,2,0,Colisión entre vehículos,Colisión entre vehículos,S/D,,Angulo,2,Recta,Intersección / cruce,,NO,,Asfalto,,Apto,Seca,,Ninguna,,,,Si,,,Día,NO,Sin Restricción,Nublado,Buena,,Sin Semáforo
53721,OBSERVATORIO VIAL,2019-02-23,17:25:00,CORRIENTES,18,CAPITAL,21,CORRIENTES,Urbana,Ruta Provincial,N°5,"0,5",Dr. CONTRERAS,,-2.748.528,-5.877.497,1,1,0,2,0,Colisión entre vehículos,Colisión entre vehículos,S/D,,Angulo,2,Recta,Intersección / cruce,,NO,,Asfalto,,Apto,Seca,,Cordón Divisorio,,,,No,No,No,Día,NO,Sin Restricción,Despejado,Buena,,Sin Semáforo
49354,OBSERVATORIO VIAL,2019-02-22,12:30:00,CORRIENTES,18,CAPITAL,21,CORRIENTES,Urbana,Avenida,AVENIDA MAIPU,2500,LOS CONDORES,,-2.749.992,-5.881.401,3,1,0,3,0,Colisión entre vehículos,Colisión entre vehículos,S/D,,"Alcance, Rozamiento",3,Recta,Intersección / cruce,,NO,,Hormigón,,Apto,"Despejada, Seca",,Barrera de Hormigón,,,,,,,Día,NO,Sin Restricción,Despejado,Buena,,Sin Semáforo
53675,OBSERVATORIO VIAL,2019-02-22,11:37:00,CORRIENTES,18,CAPITAL,21,CORRIENTES,Urbana,Calle,BELGRANO,1300,SALTA,,-2.747.186,-5.883.945,2,1,0,2,0,Colisión entre vehículos,Colisión entre vehículos,S/D,,,2,Recta,Intersección / cruce,,NO,,Asfalto,,Apto,"Despejada, Seca",,Ninguna,,,,Si,Si,,Día,NO,Sin Restricción,Despejado,Buena,,Sin Semáforo
49267,OBSERVATORIO VIAL,2019-02-22,6:40:00,CORRIENTES,18,CAPITAL,21,CORRIENTES,Urbana,Avenida,AV RAUL ALFONSIN,4800,ONTIVEROS,,-2.747.608,-5.879.266,2,1,0,2,0,"Choque, Colisión entre vehículos",Colisión entre vehículos,S/D,,En calzada,2,Recta,Intersección / cruce,,NO,,Asfalto,,Apto,Seca,,Ninguna,,,,No,No,No,Amanecer,NO,Sin Restricción,Despejado,Buena,,Sin Semáforo
49468,OBSERVATORIO VIAL,2019-02-21,13:15:00,CORRIENTES,18,CAPITAL,21,CORRIENTES,Urbana,Ruta Provincial,RUTA PROVINCIAL N°5,1 1/2,FRENTE PACHECO,,-2.748.601,-5.877.061,3,1,0,3,0,Colisión entre vehículos,Colisión entre vehículos,S/D,TRIPLE COLISIÓN,Alcance,3,Recta,Intersección / cruce,,NO,,Asfalto,,Apto,Mojada,,Ninguna,,,,Si,No,No,Día,NO,Sin Restricción,Nublado,Buena,,Funciona
58999,OBSERVATORIO VIAL,2019-02-21,0:20:00,CORRIENTES,18,,,CORRIENTES,Urbana,Avenida,TRES DE ABRIL,1600,MENDOZA,,-2.747.577,-5.883.650,1,1,0,2,0,Colisión entre vehículos,Colisión entre vehículos,S/D,,,2,Recta,Intersección / cruce,,NO,,Hormigón,,Apto,Seca,,Ninguna,,,,Si,Si,,Día,,Sin Restricción,Despejado,Buena,,Funciona
49272,OBSERVATORIO VIAL,2019-02-21,17:15:00,CORRIENTES,18,CAPITAL,21,CORRIENTES,Urbana,Avenida,MAIPU,6000,TARTAGAL,,-2.751.421,-5.880.670,1,1,0,2,0,Colisión entre vehículos,Colisión entre vehículos,S/D,,Alcance,2,Recta,,,NO,,Asfalto,,Apto,Seca,,Ninguna,,,,No,No,No,Día,NO,Sin Restricción,Despejado,Buena,,Sin Semáforo
49557,OBSERVATORIO VIAL,2019-02-20,1:35:00,CORRIENTES,18,CAPITAL,21,CORRIENTES,Urbana,Calle,RIO DE JANEIRO,4500,DARRAGUEIRA,,-2.749.445,-5.879.870,2,0,0,2,0,"Choque, Colisión entre vehículos",Colisión entre vehículos,S/D,,"Angulo, En calzada",2,Recta,Fuera de calzada,,NO,,Hormigón,,Apto,Seca,,Ninguna,,,,No,No,No,Noche,SI,Sin Restricción,Despejado,Buena,,Sin Semáforo
58477,OBSERVATORIO VIAL,2019-02-20,7:00:00,CORRIENTES,18,CAPITAL,21,CORRIENTES,Urbana,Calle,MENDOZA,2201,MADARIAGA,,-2.748.299,-5.883.745,0,2,0,2,0,Colisión entre vehículos,Colisión entre vehículos,S/D,,Angulo,2,Recta,Intersección / cruce,,NO,,Hormigón,,Apto,Seca,,Ninguna,,,,No,No,No,Día,NO,Sin Restricción,Despejado,Buena,,Sin Semáforo
62885,OBSERVATORIO VIAL,2019-02-20,15:55:00,CORRIENTES,18,CAPITAL,21,CORRIENTES,Urbana,Avenida,FERRE,2599,ARTIGAS,,-2.747.808,-5.881.968,2,0,0,2,0,Colisión entre vehículos,Colisión entre vehículos,S/D,,,2,Recta,Intersección / cruce,,NO,,Hormigón,,Apto,Seca,,Ninguna,,,,Si,Si,No,Día,SI,Sin Restricción,Despejado,Buena,,Funciona
64885,ABSERVATORIO VIAL,2019-02-20,11:35:00,CORRIENTES,18,CAPITAL,21,CORRIENTES,Urbana,Avenida,AV ARTIGAS,1800,AV FERRE,,-2.747.781,-5.881.979,1,1,0,2,0,Colisión entre vehículos,Colisión entre vehículos,S/D,,Angulo,2,Recta,Intersección / cruce,,NO,,Asfalto,,Apto,Seca,,Ninguna,,,,Si,Si,No,Día,NO,Sin Restricción,Despejado,Buena,,Sin Semáforo
49327,OBSERVATORIO VIAL,2019-02-20,11:35:00,CORRIENTES,18,CAPITAL,21,CORRIENTES,Urbana,Avenida,AVENIDA ALBERDI,600,LA MADRID,,-2.748.076,-5.884.516,0,2,0,2,0,Colisión entre vehículos,Colisión entre vehículos,S/D,,Rozamiento,2,Recta,,,NO,,Hormigón,,Apto,Seca,,Ninguna,,,,Si,,,Día,NO,Sin Restricción,Despejado,Buena,,Sin Semáforo
49610,OBSERVATORIO VIAL,2019-02-20,12:20:00,CORRIENTES,18,CAPITAL,21,CORRIENTES,Urbana,Calle,GENERAL PAZ,1700,SAN LORENZO,,-2.747.877,-5.883.286,2,0,0,2,0,Colisión entre vehículos,Colisión entre vehículos,S/D,,Angulo,2,Recta,Intersección / cruce,,NO,,Hormigón,,Apto,Seca,,Ninguna,,,,Si,No,No,Día,NO,Sin Restricción,Despejado,Buena,,Sin Semáforo
64863,OBSERVATORIO VIAL,2019-02-19,22:58:00,CORRIENTES,18,CAPITAL,21,CORRIENTES,Urbana,Avenida,PTE. FRONDIZI,3000,CUBA,,-2.750.480,-5.879.770,2,0,0,2,0,Colisión entre vehículos,Colisión entre vehículos,S/D,,Alcance,2,Recta,Intersección / cruce,,NO,,Hormigón,,Apto,Seca,,Cordón Divisorio,,,,Si,Si,No,Día,,Desvío Provisorio,Despejado,Buena,,Funciona
49247,OBSERVATORIO VIAL,2019-02-19,11:45:00,CORRIENTES,18,CAPITAL,21,CORRIENTES,Urbana,Avenida,AV CAZADORES CORRENTINOS,5400,NAPOLES,TRENTO,-2.749.041,-5.878.182,1,0,1,2,0,Colisión entre vehículos,Colisión entre vehículos,S/D,ATROPELLO A CICLISTA,,2,Recta,Intersección / cruce,,NO,,Asfalto,,Apto,Seca,,Ninguna,,,,No,No,No,Día,NO,Sin Restricción,Despejado,Buena,,Sin Semáforo
53875,OBSERVATORIO VIAL,2019-02-19,8:30:00,CORRIENTES,18,CAPITAL,21,CORRIENTES,Urbana,Avenida,AVENIDA RAUL ALFONSIN,4200,LAS PIEDRAS,,-2.747.467,-5.879.950,1,1,0,2,0,Colisión entre vehículos,Colisión entre vehículos,S/D,,Angulo,2,Recta,Intersección / cruce,,NO,,Asfalto,,Apto,Seca,,Cordón Divisorio,,,,Si,No,No,Día,NO,Sin Restricción,Despejado,Buena,,Sin Semáforo
54201,OBSERVATORIO VIAL,2019-02-19,0:29:00,CORRIENTES,18,CAPITAL,21,CORRIENTES,Urbana,Calle,GUTEMBERG,2200,PERUGORRIA,,-2.748.471,-5.883.239,1,1,0,2,0,Colisión entre vehículos,Colisión entre vehículos,S/D,,Angulo,2,Curva,Intersección / cruce,,NO,,Hormigón,,Apto,Seca,,Ninguna,,,,Si,No,No,Noche,SI,Sin Restricción,Despejado,Buena,,Sin Semáforo
49343,OBSERVATORIO VIAL,2019-02-18,11:15:00,CORRIENTES,18,CAPITAL,21,CORRIENTES,Urbana,Calle,ESTADOS UNIDOS,3000,JUNIN,,-2.747.020,-5.881.348,2,0,0,2,0,Colisión entre vehículos,Colisión entre vehículos,S/D,,Angulo,2,Recta,,,NO,,Hormigón,,Apto,"Despejada, Seca",,Ninguna,,,,Si,Si,,Día,NO,Sin Restricción,Despejado,Buena,,Sin Semáforo
49614,OBSERVATORIO VIAL,2019-02-18,19:30:00,CORRIENTES,18,CAPITAL,21,CORRIENTES,Urbana,Avenida,AVENIDA ARMENIA,4300,BENITO LINCH,,-2.746.843,-5.879.718,1,1,0,2,0,Colisión entre vehículos,Colisión entre vehículos,S/D,,Alcance,2,Recta,Intersección / cruce,,NO,,Hormigón,,Apto,Seca,,Cordón Divisorio,,,,Si,No,No,Noche,SI,Sin Restricción,Despejado,,MALO,Sin Semáforo
62283,OBSERVATORIO VIAL,2019-02-17,12:30:00,CORRIENTES,18,CAPITAL,21,CORRIENTES,Urbana,Calle,CATAMARCA,900,,,-2.746.795,-5.883.308,1,1,0,2,0,Colisión entre vehículos,Colisión entre vehículos,S/D,,Alcance,2,Recta,,,NO,,Asfalto,,Apto,Mojada,,,,,,Si,Si,No,Día,NO,Sin Restricción,Lluvia,Lluvia,,Funciona
49289,OBSERVATORIO VIAL,2019-02-16,11:45:00,CORRIENTES,18,CAPITAL,21,CORRIENTES,Urbana,Avenida,AV MAIPU,3000,TUPUNGATO,,-2.750.058,-5.881.349,1,1,0,2,0,Colisión entre vehículos,Colisión entre vehículos,S/D,,Alcance,2,Recta,Intersección / cruce,,NO,,Asfalto,,,,,Cordón Divisorio,,,,S/D,S/D,S/D,Día,SI,Sin Restricción,Despejado,Buena,,Sin Semáforo
49405,OBSERVATORIO VILA,2019-02-16,20:30:00,CORRIENTES,18,CAPITAL,21,CORRIENTES,Urbana,Avenida,AVENIDA MAIPU,2700,VALPARAISO,,-2.749.724,-5.881.587,1,1,0,2,0,Colisión entre vehículos,Colisión entre vehículos,S/D,,Angulo,2,Recta,Intersección / cruce,,NO,,Hormigón,,Apto,,,Ninguna,,,,S/D,S/D,S/D,Noche,SI,Sin Restricción,Despejado,Buena,,Sin Semáforo
67478,OBSERVATORIO VIAL,2019-02-16,19:25:00,CORRIENTES,18,CAPITAL,21,CORRIENTES,Urbana,Avenida,AV MAIPU,300,,,-2.747.878,-5.882.928,1,1,0,2,0,Colisión entre vehículos,Colisión entre vehículos,S/D,,,2,Recta,Intersección / cruce,,NO,,Asfalto,,Apto,Seca,,Ninguna,,,,Si,No,No,Atardecer,NO,Sin Restricción,Despejado,Buena,,Sin Semáforo
49464,OBSERVATORIO VIAL,2019-02-14,17:20:00,CORRIENTES,18,CAPITAL,21,CORRIENTES,Urbana,Avenida,AV 3 DE ABRIL,2800,CHILE,,-2.747.839,-5.881.732,1,1,0,2,0,Colisión entre vehículos,Colisión entre vehículos,S/D,,,2,Recta,Intersección / cruce,,NO,,Hormigón,,Apto,"Despejada, Seca",,Cordón Divisorio,,,,S/D,S/D,S/D,Día,NO,Sin Restricción,Despejado,Buena,,Sin Semáforo
56783,OBSERVATORIO VIAL,2019-02-13,15:27:00,CORRIENTES,18,CAPITAL,21,CORRIENTES,Urbana,Calle,BELGRANO,2200,ROCA,,-2.747.341,-5.882.333,1,1,0,2,0,Colisión entre vehículos,Colisión entre vehículos,S/D,,,2,Recta,Intersección / cruce,,,,Asfalto,,Apto,Seca,,Ninguna,,,,S/D,S/D,S/D,Día,,Sin Restricción,Despejado,Buena,,Sin Semáforo
68863,CORRIENTES,2019-02-13,12:20:00,CORRIENTES,18,CAPITAL,21,CORRIENTES,Urbana,Calle,GUTEMBERG,2000,LAMADRID,,,,1,1,0,2,0,Colisión entre vehículos,Colisión entre vehículos,S/D,,,2,Recta,Intersección / cruce,,NO,,Asfalto,,Apto,Seca,,Ninguna,,,,No,No,No,Día,NO,Sin Restricción,Despejado,Buena,,Sin Semáforo
62897,OBSERVATORIO VIAL,2019-02-13,17:00:00,CORRIENTES,18,CAPITAL,21,CORRIENTES,Urbana,Avenida,CHACABUCO,2999,NECOCHEA,,-2.748.217,-5.881.545,0,2,0,1,0,"Caída desde vehículo, Colisión entre vehículos",Colisión entre vehículos,S/D,,,1,Recta,,,NO,,Hormigón,,Apto,Seca,,Cordón Divisorio,,,,No,No,No,Día,NO,Congestionamiento,Despejado,Buena,,Sin Semáforo
62907,OBSERVATORIO VIAL,2019-02-12,6:30:00,CORRIENTES,18,CAPITAL,21,CORRIENTES,Urbana,Calle,LA MADRID,560,,,-2.748.071,-5.884.565,2,0,0,2,0,Colisión entre vehículos,Colisión entre vehículos,S/D,,,2,Recta,Intersección / cruce,,NO,,Hormigón,,Apto,Seca,,Ninguna,,,,No,No,No,Amanecer,NO,Sin Restricción,Despejado,Buena,,Sin Semáforo
49253,OBSERVATORIO VIAL,2019-02-12,9:10:00,CORRIENTES,18,CAPITAL,21,CORRIENTES,Urbana,Avenida,Maipu,2700,Caribe,,-2.749.894,-5.881.472,1,1,0,2,0,"Caída desde vehículo, Choque, Colisión entre vehículos",Colisión entre vehículos,S/D,,"En calzada, Rozamiento",2,Recta,Intersección / cruce,,NO,,Asfalto,,Apto,Seca,,Ninguna,,,,No,No,,Día,NO,Sin Restricción,Despejado,Buena,,Sin Semáforo
49361,OBSERVATORIO VIAL,2019-02-12,18:20:00,CORRIENTES,18,CAPITAL,21,CORRIENTES,Urbana,Calle,FRAGATA ARGENTINA,1800,EX VIA GRAL URQUIZA,,-2.749.416,-5.881.558,2,1,0,2,0,Colisión entre vehículos,Colisión entre vehículos,S/D,,Angulo,2,Recta,Intersección / cruce,,NO,,Tierra,,Apto,Seca,,Ninguna,,,,Si,No,No,Día,NO,,Despejado,Buena,,Sin Semáforo
62905,OBSERVATORIO VIAL,2019-02-12,12:30:00,CORRIENTES,18,CAPITAL,21,CORRIENTES,Urbana,Avenida,ARTIGAS,1101,SAN MARTIN,,-2.747.162,-5.881.865,2,0,0,2,0,Colisión entre vehículos,Colisión entre vehículos,S/D,,Angulo,2,Recta,Intersección / cruce,,NO,,Asfalto,,Apto,Seca,,,,,,Si,Si,No,Día,NO,,Despejado,Buena,,Funciona
49235,OBSERVATORIO VIAL,2019-02-12,9:45:00,CORRIENTES,18,CAPITAL,21,CORRIENTES,Urbana,Calle,SAN MARTIN,1300,CORDOBA,,-2.747.002,-5.883.466,1,2,0,2,0,Colisión entre vehículos,Colisión entre vehículos,S/D,,Angulo,2,Recta,Intersección / cruce,,NO,,Asfalto,,Apto,"Despejada, Seca",,Ninguna,,,,No,,,Día,NO,Sin Restricción,Despejado,Buena,,Sin Semáforo
49330,OBSERVATORIO VIAL,2019-02-11,8:00:00,CORRIENTES,18,CAPITAL,21,CORRIENTES,Urbana,Calle,SAN FRANCISCO DE ASIS,4925,THAMES,,-2.749.465,-5.879.403,1,0,0,1,0,Vuelco (solo 1 participante),Vuelco (solo 1 participante),S/D,,,1,Recta,Intersección / cruce,,NO,,Asfalto,,Apto,Seca,,Cordón Divisorio,,,,No,No,No,Día,NO,Sin Restricción,Despejado,Buena,,Sin Semáforo
49254,OBSERVATORIO VIAL,2019-02-11,9:50:00,CORRIENTES,18,CAPITAL,21,CORRIENTES,Urbana,Avenida,MEDRANO,3200,CARTAGENA,,-2.749.610,-5.880.030,1,0,0,1,0,"Choque, Colisión entre vehículos",Colisión entre vehículos,S/D,,"Inmueble, Rozamiento",1,Curva,,,NO,,Asfalto,,Apto,Seca,,,,,,No,No,No,Día,NO,Sin Restricción,Despejado,Buena,,No Funciona
55249,OBSERVATORIO VIAL,2019-02-11,8:45:00,CORRIENTES,18,CAPITAL,21,CORRIENTES,Urbana,Calle,BELGRANO,2400,VELEZ SARSFIELD,,-2.747.373,-5.882.084,2,2,0,2,0,Colisión entre vehículos,Colisión entre vehículos,S/D,,Angulo,2,Recta,Intersección / cruce,,NO,,Asfalto,,Apto,Seca,,Ninguna,,,,No,No,No,Día,NO,Sin Restricción,Despejado,Buena,,Sin Semáforo
67703,OBSERVATORIO VIAL,2019-02-10,15:35:00,CORRIENTES,18,CAPITAL,21,CORRIENTES,Urbana,Calle,ESPAÑA,600,PELLEGRINI,,-2.746.602,-5.882.898,2,0,0,2,0,Colisión entre vehículos,Colisión entre vehículos,S/D,,,2,Recta,Intersección / cruce,,NO,,Asfalto,,Apto,Seca,,Ninguna,,,,S/D,S/D,S/D,Día,NO,Sin Restricción,Despejado,Buena,,Sin Semáforo
49236,OBSERVATORIO VIAL,2019-02-09,16:30:00,CORRIENTES,18,CAPITAL,21,CORRIENTES,Urbana,Calle,A. ESPAÑA,1700,MORENO,,-2.747.387,-5.882.984,2,0,0,2,0,Colisión entre vehículos,Colisión entre vehículos,S/D,,Angulo,2,Recta,Intersección / cruce,,NO,,Asfalto,,Apto,"Despejada, Seca",,,,,,S/D,S/D,S/D,Día,NO,Sin Restricción,Despejado,Buena,,
53628,OBSERVATORIO VIAL,2019-02-07,22:48:00,CORRIENTES,18,CAPITAL,21,CORRIENTES,Urbana,Calle,ESPAÑA,1700,9 DE julio,,-2.746.716,-5.882.904,3,0,0,3,0,Colisión entre vehículos,Colisión entre vehículos,S/D,,"Alcance, Angulo",3,Recta,,,NO,,Asfalto,,Apto,Seca,,Ninguna,,,,Si,No,No,Noche,SI,Sin Restricción,Despejado,Buena,,Sin Semáforo
49337,OBSERVATORIO VIAL,2019-02-07,18:40:00,CORRIENTES,18,CAPITAL,21,CORRIENTES,Urbana,Avenida,AVENIDA CARTAGENA,3100,RECONQUISTA,,-2.749.235,-5.881.573,2,1,0,2,0,Colisión entre vehículos,Colisión entre vehículos,S/D,,,2,Recta,Intersección / cruce,,NO,,Asfalto,,,Mojada,,Ninguna,,,,No,No,No,Día,NO,Sin Restricción,Nublado,Buena,,Intermitente
49429,OBSERVATORIO VIAL,2019-02-06,13:45:00,CORRIENTES,18,CAPITAL,21,CORRIENTES,Urbana,Calle,URUGUAY,2000,25 DE mayo,,-2.746.533,-5.882.483,1,1,0,2,0,Colisión entre vehículos,Colisión entre vehículos,S/D,,Angulo,2,Recta,Intersección / cruce,,NO,,Hormigón,,Apto,"Despejada, Seca",,Ninguna,,,,No,No,No,Día,NO,Sin Restricción,Despejado,Buena,,Sin Semáforo
49201,OBSERVATORIO VIAL,2019-02-06,9:20:00,CORRIENTES,18,CAPITAL,21,CORRIENTES,Urbana,Calle,CORDOBA,1300,BOLIVAR,,-2.747.107,-5.883.483,1,1,0,2,0,Colisión entre vehículos,Colisión entre vehículos,S/D,,Angulo,2,Recta,Intersección / cruce,,NO,,Asfalto,,Apto,Seca,,Ninguna,,,,Si,No,No,Día,NO,Sin Restricción,Despejado,Buena,,Sin Semáforo
49218,OBSERVATORIO VIAL,2019-02-06,23:00:00,CORRIENTES,18,CAPITAL,21,CORRIENTES,Urbana,Calle,ALBERDI,1800,GENERAL PAZ,,-2.747.726,-5.884.466,0,2,0,2,0,Colisión entre vehículos,Colisión entre vehículos,S/D,,Angulo,2,Recta,Intersección / cruce,,NO,,Asfalto,,Apto,Mojada,,Ninguna,,,,No,Si,No,Noche,NO,Sin Restricción,Nublado,Buena,,Sin Semáforo
49421,OBSERVATORIO VIAL,2019-02-06,6:30:00,CORRIENTES,18,CAPITAL,21,CORRIENTES,Urbana,Calle,MENDOZA,1200,BOLIVAR,,-2.747.092,-5.883.595,1,2,0,2,0,Colisión entre vehículos,Colisión entre vehículos,S/D,SE DIÓ A LA FUGA,Rozamiento,2,Recta,Intersección / cruce,,NO,,Asfalto,,Apto,Seca,,Ninguna,,,,Si,,,Amanecer,NO,Sin Restricción,Despejado,Buena,,Sin Semáforo
56465,OBSERVATORIO VIAL,2019-02-05,10:50:00,CORRIENTES,18,CAPITAL,21,CORRIENTES,Urbana,Calle,SAN MARTIN,1500,CATAMARCA,,-2.747.016,-5.883.337,1,1,0,2,0,Colisión entre vehículos,Colisión entre vehículos,S/D,,Alcance,2,Recta,Intersección / cruce,,NO,,Asfalto,,Apto,Seca,,Ninguna,,,,Si,Si,No,Día,NO,Sin Restricción,Despejado,Buena,,Sin Semáforo
49355,OBSERVATORIO VIAL,2019-02-04,10:15:00,CORRIENTES,18,CAPITAL,21,CORRIENTES,Urbana,Calle,SALTA,1137,,,-2.746.992,-5.883.925,5,0,0,2,0,Colisión entre vehículos,Colisión entre vehículos,S/D,,Alcance,2,Recta,,MITAD DE CUADRA,,,Asfalto,,Apto,Seca,,Ninguna,,,,,,,Día,NO,Sin Restricción,Despejado,Buena,,Sin Semáforo
59000,OBSERVATORIO VIAL,2019-02-04,2:10:00,CORRIENTES,18,CAPITAL,21,CORRIENTES,Urbana,Avenida,TRES DE ABRIL,1600,CATAMARCA,,-2.747.589,-5.883.394,2,0,0,2,0,"Choque, Colisión entre vehículos",Colisión entre vehículos,S/D,,"Angulo, En calzada",2,Recta,Intersección / cruce,,NO,,Hormigón,,Apto,Seca,,Cordón Divisorio,,,,Si,Si,No,Amanecer,SI,Sin Restricción,Despejado,Buena,,Funciona
49513,OBSERVATORIO VIAL,2019-02-03,9:00:00,CORRIENTES,18,CAPITAL,21,CORRIENTES,Urbana,Avenida,AV ARMENIA,4300,CRISTO OBRERO,,-2.746.866,-5.879.798,1,1,0,2,0,Colisión entre vehículos,Colisión entre vehículos,S/D,,Angulo,2,Recta,Intersección / cruce,,NO,,Asfalto,,Apto,Seca,,Ninguna,,,,S/D,S/D,S/D,Día,NO,Sin Restricción,Despejado,Buena,,Sin Semáforo
54539,OBSERVATORIO VIAL,2019-02-03,9:00:00,CORRIENTES,18,CAPITAL,21,CORRIENTES,Urbana,Avenida,RUTA 12,KM 5,AVENIDA INDEPENDENCIA,,-2.748.372,-5.878.273,2,0,0,2,0,Colisión entre vehículos,Colisión entre vehículos,S/D,,Angulo,2,Recta,Intersección / cruce,,NO,,Asfalto,,Apto,Seca,,Otro,,,,Si,Si,S/D,Día,NO,,Despejado,Buena,,Sin Semáforo
49207,OBSERVATORIO VIAL,2019-02-03,21:20:00,CORRIENTES,18,CAPITAL,21,CORRIENTES,Urbana,Calle,LISANDRO SEGOVIA,2342,,,-2.748.484,-5.883.634,2,0,0,2,0,"Choque, Colisión entre vehículos",Colisión entre vehículos,S/D,,"Alcance, Otro",2,Recta,,RECTA,NO,,Asfalto,,Apto,Seca,,Ninguna,,,,No,Si,No,Noche,SI,Sin Restricción,Despejado,Buena,,Sin Semáforo
54955,OBSERVATORIO VIAL,2019-02-03,13:45:00,CORRIENTES,18,CAPITAL,21,CORRIENTES,Urbana,Calle,ESTADO DE ISRAEL,2900,ESTOS UNIDO,,-2.746.921,-5.883.041,1,2,0,2,0,Colisión entre vehículos,Colisión entre vehículos,S/D,,Angulo,2,Recta,Intersección / cruce,,NO,,Hormigón,,Apto,"Despejada, Seca",,Ninguna,,,,Si,No,No,Día,SI,Sin Restricción,Despejado,Buena,,Sin Semáforo
55455,OBSERVATORIO VIAL,2019-02-02,4:30:00,CORRIENTES,18,CAPITAL,21,CORRIENTES,Urbana,Calle,25 DE mayo,1600,SANTA FE,,-2.746.495,-5.883.020,1,1,0,2,0,Colisión entre vehículos,Colisión entre vehículos,S/D,,Angulo,2,Recta,Intersección / cruce,,NO,,Asfalto,,Apto,Seca,,Ninguna,,,,S/D,S/D,S/D,Noche,SI,Sin Restricción,Despejado,Buena,,Sin Semáforo
68834,CORRIENTES,2019-02-02,13:05:00,CORRIENTES,18,CAPITAL,21,CORRIENTES,Urbana,Calle,Cordoba,1100,BELGRANO,,,,1,1,0,2,0,Colisión entre vehículos,Colisión entre vehículos,S/D,,,2,Recta,Intersección / cruce,,NO,,Asfalto,,Apto,Seca,,Ninguna,,,,Si,,,Día,NO,Sin Restricción,Despejado,Buena,,Sin Semáforo
49469,OBSERVATORIO VIAL,2019-02-02,12:30:00,CORRIENTES,18,CAPITAL,21,CORRIENTES,Urbana,Avenida,AVENIDA MAIPU,2400,,,-2.750.066,-5.881.351,1,1,0,2,0,Colisión entre vehículos,Colisión entre vehículos,S/D,,Alcance,2,Recta,Intersección / cruce,MITAD DE CUADRA,NO,,Hormigón,,Apto,Seca,,Ninguna,,,,No,No,No,Día,NO,,Despejado,Buena,,Sin Semáforo
49420,OBSERVATORIO VIAL,2019-02-02,19:45:00,CORRIENTES,18,CAPITAL,21,CORRIENTES,Urbana,Avenida,AV MAIPU,6000,ACCESO B° Dr MONTAÑA,,-2.752.494,-5.879.638,1,1,0,2,0,Colisión entre vehículos,Colisión entre vehículos,S/D,,Angulo,2,Recta,Intersección / cruce,,NO,,Asfalto,,Apto,"Despejada, Seca",,Cordón Divisorio,,,,No,No,No,Día,NO,Sin Restricción,Despejado,Buena,,Intermitente