id_feu,unidad_regional,siniestro_fecha,siniestro_hora,provincia,id_provincia,departamento,id_departamento,localidad,zona_ocurrencia,via_publica,nombre_via,altura_km,entre_calle_1,entre_calle_2,latitud,longitud,ilesos,heridos,fallecidos,vehiculos,peatones,tipo_siniestro_multiple,tipo_siniestro_unico,despiste_previo,tipo_siniestro_otro,tipo_colision,cantidad_de_involucrados,trazado_via,configuracion_de_la_via,configuracion_de_la_via_otro_tipo,pendiente_declive,cono_de_vision,material_de_la_calzada,material_de_la_calzada_otro,estado_de_la_calzada,estado_fisico_ambiental,estado_de_conservacion_otro,division_fisica_de_la_via,division_fisica_de_la_via_otro,barreras_de_seguridad,banquinas,senalizacion_carteleria,senalizacion_horizontal,senalizacion_transitoria,luminosidad,luz_artificial,transito_restringido,estado_ambiental,visibilidad,visibilidad_otro,semaforo
53757,OBSERVATORIO VIAL,2019-02-01,2:40:00,CORRIENTES,18,CAPITAL,21,CORRIENTES,Urbana,Avenida,AVENIDA FERRE,1700,ESPAÑA,,-2.747.648,-5.883.020,2,0,0,2,0,Colisión entre vehículos,Colisión entre vehículos,S/D,,Angulo,2,Recta,Intersección / cruce,,NO,,Hormigón,,Apto,Seca,,Ninguna,,,,Si,Si,No,Noche,SI,Sin Restricción,Despejado,Buena,,Funciona
49271,OBSERVATORIO VIAL,2019-01-31,8:05:00,CORRIENTES,18,CAPITAL,21,CORRIENTES,Urbana,Avenida,AV FERRE,1700,ESPAÑA,,-2.747.657,-5.883.019,1,1,0,2,0,"Atropello a animal/es, Colisión entre vehículos",Colisión entre vehículos,S/D,,,2,Recta,Intersección / cruce,,NO,,Hormigón,,,,,Ninguna,,,,Si,Si,No,Día,NO,Sin Restricción,Despejado,Buena,,Funciona
53687,OBSERVATORIO VIAL,2019-01-31,9:20:00,CORRIENTES,18,CAPITAL,21,CORRIENTES,Urbana,Avenida,AVENIDA GRAL. PAZ,2000,FRAGATA HERCULES,,-2.748.002,-5.882.096,1,1,0,2,0,Colisión entre vehículos,Colisión entre vehículos,S/D,,Alcance,2,Recta,,,NO,,,,Apto,Seca,,,,,,No,No,No,Día,NO,Sin Restricción,Despejado,Buena,,Sin Semáforo
49243,OBSERVATORIO VIAL,2019-01-31,22:25:00,CORRIENTES,18,CAPITAL,21,CORRIENTES,Urbana,Avenida,TRES DE ABRIL,2000,ESPAÑA,,-2.747.652,-5.883.013,2,0,0,2,0,Colisión entre vehículos,Colisión entre vehículos,S/D,,,2,Recta,Intersección / cruce,,NO,,Hormigón,,,Seca,,Cordón Divisorio,,,,Si,Si,No,Noche,NO,Sin Restricción,Despejado,Buena,,Funciona
54968,OBSERVATORI VIAL,2019-01-31,9:10:00,CORRIENTES,18,CAPITAL,21,CORRIENTES,Urbana,Calle,9 DE julio,800,BUENOS AIRES,,-2.746.639,-5.884.054,2,0,0,2,0,Colisión entre vehículos,Colisión entre vehículos,S/D,,Alcance,2,Recta,Intersección / cruce,,NO,,Asfalto,,Apto,"Despejada, Seca",,Ninguna,,,,Si,No,No,Día,NO,Sin Restricción,Despejado,Buena,,Sin Semáforo
49216,OBSERVATORIO VIAL,2019-01-31,8:45:00,CORRIENTES,18,CAPITAL,21,CORRIENTES,Urbana,Avenida,AV PEDRO FERRE,2900,AV CHACABUCO,,-2.747.849,-5.881.467,1,0,0,1,0,Caída desde vehículo,Caída desde vehículo,S/D,,,1,Recta,Intersección / cruce,,NO,,Asfalto,,Apto,Seca,,Ninguna,,,,Si,Si,No,Día,NO,Sin Restricción,Nublado,Buena,,Funciona
62886,OBSERVATORIO VIAL,2019-01-31,9:34:00,CORRIENTES,18,CAPITAL,21,CORRIENTES,Urbana,Avenida,AV. PEDRO FERRE,1600,SANTA  FE,,-2.747.647,-5.883.147,1,1,0,2,0,Colisión entre vehículos,Colisión entre vehículos,S/D,,Alcance,2,Recta,Intersección / cruce,,NO,,Hormigón,,Apto,Seca,,Ninguna,,,,Si,Si,No,Día,NO,,Despejado,,,Funciona
49617,OBSERVATORIO VIAL,2019-01-30,10:40:00,CORRIENTES,18,CAPITAL,21,CORRIENTES,Urbana,Calle,MORENO,1400,CORDOBA,,-2.747.336,-5.883.501,3,1,0,2,0,Colisión entre vehículos,Colisión entre vehículos,S/D,,Angulo,2,Recta,Intersección / cruce,,NO,,Asfalto,,Apto,Seca,,Ninguna,,,,Si,Si,No,Día,NO,,Despejado,Buena,,Sin Semáforo
53856,OBSERVATORIO VIAL,2019-01-29,9:00:00,CORRIENTES,18,CAPITAL,21,CORRIENTES,Urbana,Avenida,AV INDEPENDENCIA,5100,GODOY CRUZ,,-2.748.395,-5.878.972,2,1,0,2,0,Colisión entre vehículos,Colisión entre vehículos,S/D,,Alcance,2,Recta,Intersección / cruce,,NO,,Hormigón,,,"Despejada, Seca",,Cordón Divisorio,,,,Si,Si,No,Día,,Sin Restricción,Despejado,Buena,,Funciona
54243,OBSERVATORIO VIAL,2019-01-28,16:30:00,CORRIENTES,18,CAPITAL,21,CORRIENTES,Urbana,Calle,JUJUY,1600,BOLIVAR,,-2.747.176,-5.882.835,1,1,0,2,0,Colisión entre vehículos,Colisión entre vehículos,S/D,,Angulo,2,Recta,,,NO,,Hormigón,,Apto,Seca,,Ninguna,,,,No,No,No,Día,NO,Sin Restricción,Despejado,Buena,,Sin Semáforo
49424,OBSERVATORIO VIAL,2019-01-28,18:20:00,CORRIENTES,18,CAPITAL,21,CORRIENTES,Urbana,Avenida,AVENIDA COSTANERA,600,,,-2.746.702,-5.885.183,2,0,0,2,0,Colisión entre vehículos,Colisión entre vehículos,S/D,,Alcance,2,Recta,Intersección / cruce,,NO,,Asfalto,,Apto,Seca,,Ninguna,,,,No,S/D,S/D,Día,NO,,Despejado,,,Sin Semáforo
49223,OBSERVATORIO VIAL,2019-01-28,10:00:00,CORRIENTES,18,CAPITAL,21,CORRIENTES,Urbana,Avenida,AV MAIPU,5800,GUAYQUIRARO,,-2.751.370,-5.880.728,1,1,0,2,0,Colisión entre vehículos,Colisión entre vehículos,S/D,,,2,Recta,Intersección / cruce,,NO,,Hormigón,,Apto,Seca,,Ninguna,,,,Si,Si,No,Día,NO,Sin Restricción,Despejado,Buena,,Funciona
49511,OBSERVATORIO VIAL,2019-01-25,8:00:00,CORRIENTES,18,CAPITAL,21,CORRIENTES,Urbana,Avenida,AV FERRE,2500,ITUZAINGO,,,,1,1,0,2,0,Colisión entre vehículos,Colisión entre vehículos,S/D,,Alcance,2,Recta,Intersección / cruce,,NO,,Hormigón,,Apto,Seca,,Ninguna,,,,No,No,No,Día,NO,Sin Restricción,Despejado,Buena,,Sin Semáforo
55271,OBSERVATORIO VIAL,2019-01-25,10:40:00,CORRIENTES,18,CAPITAL,21,CORRIENTES,Urbana,Calle,GUEMES,1800,GRAL PAZ,,-2.748.208,-5.880.795,0,1,0,1,0,"Caída desde vehículo, Despiste",Despiste,Si,,,1,Recta,Intersección / cruce,,NO,,Hormigón,,Apto,Seca,,Ninguna,,,,Si,No,No,Día,NO,Sin Restricción,Despejado,Buena,,Sin Semáforo
67474,OBSERVATORIO VIAL,2019-01-25,0:40:00,CORRIENTES,18,CAPITAL,21,CORRIENTES,Urbana,Calle,COSQUIN,1900,CRESPO,,-2.749.407,-5.882.921,2,0,0,2,0,Colisión entre vehículos,Colisión entre vehículos,S/D,,Angulo,2,Recta,Intersección / cruce,,NO,,Hormigón,,Apto,Seca,,Ninguna,,,,Si,,,Noche,SI,Sin Restricción,Despejado,Buena,,Sin Semáforo
49317,OBSERVATORIO VIAL,2019-01-25,8:50:00,CORRIENTES,18,CAPITAL,21,CORRIENTES,Urbana,Avenida,AVENIDA INDEPENDENCIA,4500,LAS PIEDRAS,,-2.748.124,-5.879.974,1,1,0,2,0,Colisión entre vehículos,Colisión entre vehículos,S/D,,Rozamiento,2,Recta,Intersección / cruce,,NO,,Hormigón,,Apto,Seca,,,,,,Si,Si,No,Día,NO,,Despejado,Buena,,Funciona
49371,OBSERVATORIO VIAL,2019-01-24,8:45:00,CORRIENTES,18,CAPITAL,21,CORRIENTES,Urbana,Calle,RIOJA,1000,BOLIVAR,,-2.747.076,-5.883.842,1,1,0,2,0,"Choque, Colisión entre vehículos",Colisión entre vehículos,S/D,,"Angulo, En calzada",2,Recta,Intersección / cruce,,NO,,Asfalto,,Apto,Seca,,Ninguna,,,,S/D,No,No,Día,NO,Sin Restricción,Despejado,Buena,,Sin Semáforo
49376,OBSERVATORIO VIAL,2019-01-23,16:00:00,CORRIENTES,18,CAPITAL,21,CORRIENTES,Urbana,Calle,CARTAGENA,4100,INGLATERRA,,-2.749.460,-5.880.370,1,1,0,2,0,Colisión entre vehículos,Colisión entre vehículos,S/D,,Frontal,2,Recta,Intersección / cruce,,NO,,Asfalto,,Apto,Seca,,Ninguna,,,,S/D,S/D,S/D,Día,NO,Sin Restricción,Despejado,Buena,,Sin Semáforo
49507,OBSERVATORIO VIAL,2019-01-23,10:26:00,CORRIENTES,18,CAPITAL,21,CORRIENTES,Urbana,Calle,CATAMARCA,1400,JUNIN,,-2.746.798,-5.883.308,1,1,0,2,0,Colisión entre vehículos,Colisión entre vehículos,S/D,,Alcance,2,Recta,Intersección / cruce,,NO,,Hormigón,,Apto,Mojada,,Ninguna,,,,Si,Si,S/D,Día,NO,Sin Restricción,Lluvia,Buena,,Funciona
49612,OBSERVATORIO VIAL,2019-01-22,7:50:00,CORRIENTES,18,CAPITAL,21,CORRIENTES,Urbana,Calle,9 DE julio,1200,MENDOZA,,-2.746.655,-5.883.545,2,0,0,2,0,Colisión entre vehículos,Colisión entre vehículos,S/D,,Angulo,2,Recta,Intersección / cruce,,NO,,Asfalto,,Apto,,,Ninguna,,,,S/D,S/D,S/D,Día,NO,Sin Restricción,Nublado,Buena,,Funciona
49618,OBSERVATORIO VIAL,2019-01-22,18:45:00,CORRIENTES,18,CAPITAL,21,CORRIENTES,Urbana,Calle,RIVADAVIA,1500,SAN LORENZO,,-2.747.477,-5.883.256,1,1,0,2,0,Colisión entre vehículos,Colisión entre vehículos,S/D,,Angulo,2,Recta,,,NO,,Hormigón,,Apto,Despejada,,Ninguna,,,,Si,No,No,Noche,SI,,Nublado,,,Sin Semáforo
60660,OBSERVATORIO VIAL,2019-01-22,8:00:00,CORRIENTES,18,CAPITAL,21,CORRIENTES,Urbana,Avenida,PUJOL,1000,,ITUZAINGO,-2.746.971,-5.881.891,0,1,0,1,0,"Caída desde vehículo, Despiste",Despiste,Si,,,1,Recta,Intersección / cruce,,,,,,Apto,Seca,,Cordón Divisorio,,,,Si,Si,No,Día,NO,Sin Restricción,Despejado,Buena,,Funciona
53364,OBSERVATORIO VIAL,2019-01-22,15:45:00,CORRIENTES,18,CAPITAL,21,CORRIENTES,Urbana,Calle,LAS PIEDRAS,1900,GRAL PAZ,,-2.748.309,-5.880.067,2,0,0,2,0,Colisión entre vehículos,Colisión entre vehículos,S/D,,Lateral,2,Recta,Intersección / cruce,,NO,,Hormigón,,Apto,Seca,,Ninguna,,,,Si,Si,No,Día,NO,Sin Restricción,Despejado,Buena,,Sin Semáforo
68833,OBS VIAL,2019-01-22,15:50:00,CORRIENTES,18,CAPITAL,21,CORRIENTES,Urbana,Avenida,WENCESLAO DOMINGUES,2600,PITAGORAS,,-2.749.049,-5.880.833,1,2,0,2,0,Colisión entre vehículos,Colisión entre vehículos,S/D,,Angulo,2,Recta,Intersección / cruce,,NO,,Hormigón,,Apto,"Despejada, Seca",,Cordón Divisorio,,,,Si,No,No,Día,NO,Sin Restricción,Despejado,Buena,,Sin Semáforo
62293,OBSERVATORIO VIAL,2019-01-21,10:00:00,CORRIENTES,18,CAPITAL,21,CORRIENTES,Urbana,Avenida,INDEPENDENCIA,5498,ROTONDA,,-2.748.429,-5.878.372,3,0,0,3,0,Colisión entre vehículos,Colisión entre vehículos,S/D,,Alcance,3,Curva,Rotonda,,NO,,Hormigón,,Apto,Seca,,Ninguna,,,,S/D,S/D,S/D,Día,NO,Sin Restricción,Despejado,Buena,,Sin Semáforo
49319,OBSERVATORIO VIAL,2019-01-21,18:55:00,CORRIENTES,18,CAPITAL,21,CORRIENTES,Urbana,Calle,RIVADAVIA,1100,SAN JUAN,,-2.747.434,-5.883.742,1,2,0,2,0,Colisión entre vehículos,Colisión entre vehículos,S/D,,Angulo,2,Recta,Intersección / cruce,,NO,,Hormigón,,Apto,Seca,,Ninguna,,,,Si,No,No,Día,NO,Sin Restricción,Despejado,Buena,,Sin Semáforo
49318,OBSERVATORIO VIAL,2019-01-21,10:20:00,CORRIENTES,18,CAPITAL,21,CORRIENTES,Urbana,Calle,PERU,1033,SAN MARTIN,,-2.747.127,-5.882.179,0,1,0,1,0,Caída desde vehículo,Caída desde vehículo,S/D,,,1,Recta,,MITAD DE CUADRA,NO,,Hormigón,,Apto,Seca,,Ninguna,,,,S/D,S/D,S/D,Día,NO,Sin Restricción,Despejado,Buena,,Sin Semáforo
49266,OBSERVATORIO VIAL,2019-01-21,21:40:00,CORRIENTES,18,CAPITAL,21,CORRIENTES,Urbana,Avenida,AV IBERA,1850,CRESPO,BONASTRE,-2.749.870,-5.883.040,0,1,0,1,0,"Atropello a animal/es, Caída desde vehículo, Choque, Colisión entre vehículos",Colisión entre vehículos,S/D,,"Alcance, Otro",1,Recta,Intersección / cruce,,NO,,Asfalto,,Apto,Seca,,Ninguna,,,,S/D,S/D,S/D,,SI,Sin Restricción,Despejado,Buena,,Sin Semáforo
62290,OBSERVATORIO VIAL,2019-01-21,6:00:00,CORRIENTES,18,CAPITAL,21,CORRIENTES,Urbana,Calle,CHACABUCO,2990,CAZADORES CORRENTINOS,,-2.748.673,-5.881.617,0,1,0,1,0,"Caída desde vehículo, Colisión entre vehículos",Colisión entre vehículos,S/D,,,1,Recta,Intersección / cruce,,SI,,Hormigón,,Apto,,,Barrera de Hormigón,,,,Si,Si,No,,NO,Sin Restricción,Despejado,Buena,,Funciona
64859,OBSERVATORIO VIAL,2019-01-21,8:00:00,CORRIENTES,18,CAPITAL,21,CORRIENTES,Urbana,Avenida,TENIENTE IBAÑEZ,2400,VARGAS GOMEZ,,-2.748.573,-5.883.522,1,1,0,2,0,"Caída desde vehículo, Colisión entre vehículos",Colisión entre vehículos,S/D,,,2,Recta,Intersección / cruce,,NO,,Hormigón,,Apto,Seca,,Ninguna,,,,Si,Si,No,Día,NO,Sin Restricción,Despejado,Buena,,Funciona
64877,OBSERVATORIO VIAL,2019-01-20,19:00:00,CORRIENTES,18,CAPITAL,21,CORRIENTES,Urbana,Calle,ROCA,2200,SAN MARTIN,,-2.747.115,-5.882.305,1,1,0,2,0,Colisión entre vehículos,Colisión entre vehículos,S/D,,Lateral,2,Recta,Intersección / cruce,,NO,,Asfalto,,Apto,Seca,,Ninguna,,,,S/D,S/D,S/D,Atardecer,SI,Sin Restricción,Despejado,Buena,,Sin Semáforo
49412,OBSERVATORIO VIAL,2019-01-20,10:15:00,CORRIENTES,18,CAPITAL,21,CORRIENTES,Urbana,Calle,LA RIOJA,1000,BELGRANO,,-2.747.193,-5.883.853,2,1,0,2,0,Colisión entre vehículos,Colisión entre vehículos,S/D,,Angulo,2,Recta,Intersección / cruce,,NO,,Asfalto,,Apto,Seca,,Ninguna,,,,Si,,,Día,NO,Sin Restricción,Nublado,Buena,,Sin Semáforo
49487,OBSERVATORIO VIAL,2019-01-20,15:50:00,CORRIENTES,18,CAPITAL,21,CORRIENTES,Urbana,Avenida,AVENIDA 3 DE ABRIL,500,ALBERDI,,-2.747.485,-5.884.432,1,1,1,2,0,Colisión entre vehículos,Colisión entre vehículos,S/D,,Angulo,2,Recta,Intersección / cruce,,NO,,Hormigón,,Apto,Seca,,,,,,No,No,No,Día,NO,,Despejado,Buena,,Sin Semáforo
53732,OBSERVATORIO VIAL,2019-01-19,16:00:00,CORRIENTES,18,CAPITAL,21,CORRIENTES,Urbana,Calle,BOLIVAR,1100,BRASIL,URUGUAY,-2.747.203,-5.882.507,2,0,0,2,0,Colisión entre vehículos,Colisión entre vehículos,S/D,,Alcance,2,Recta,Intersección / cruce,,NO,,Asfalto,,Apto,Seca,,Ninguna,,,,S/D,S/D,S/D,Día,NO,Sin Restricción,Despejado,Buena,,Sin Semáforo
62859,OBSERVATORIO VIAL,2019-01-19,16:00:00,CORRIENTES,18,CAPITAL,21,CORRIENTES,Urbana,Avenida,LAS PIEDRAS,2200,NICOLAS AVELLANEDA,,-2.748.751,-5.880.149,2,0,0,2,0,"Colisión entre vehículos, Vuelco (solo 1 participante)",Colisión entre vehículos,S/D,,Lateral,2,Recta,,,NO,,Hormigón,,Apto,Seca,,Cordón Divisorio,,,,Si,Si,S/D,Atardecer,NO,,,,,Funciona
49576,OBSERVATORIO VIAL,2019-01-18,14:00:00,CORRIENTES,18,CAPITAL,21,CORRIENTES,Urbana,Calle,TEMPERLEY,3200,MATIAS PIPET,,-2.749.107,-5.883.213,2,1,0,2,0,Colisión entre vehículos,Colisión entre vehículos,S/D,,Frontal,2,Recta,Intersección / cruce,,NO,,Hormigón,,Apto,Seca,,Ninguna,,,,No,No,No,Día,NO,Sin Restricción,Nublado,Buena,,Sin Semáforo
53682,OBSERVATORIO VIAL,2019-01-18,15:30:00,CORRIENTES,18,,,CORRIENTES,Urbana,Avenida,AV. INDEPENDENCIA,3500,GUEMES,,-2.747.930,-5.880.754,1,1,0,2,0,Colisión entre vehículos,Colisión entre vehículos,S/D,,Angulo,2,Recta,Intersección / cruce,,NO,,Asfalto,,Apto,Seca,,,,,,Si,Si,No,Día,NO,Sin Restricción,Despejado,Buena,,Funciona
49526,OBSERVATORIO VIAL,2019-01-17,10:05:00,CORRIENTES,18,CAPITAL,21,CORRIENTES,Urbana,Calle,ENTRE RIOS,1400,RIVADAVIA,,-2.747.368,-5.884.475,2,0,0,2,0,Colisión entre vehículos,Colisión entre vehículos,S/D,,Angulo,2,Recta,Intersección / cruce,,NO,,Asfalto,,Apto,Seca,,Ninguna,,,,Si,Si,No,Día,NO,Sin Restricción,Despejado,Buena,,Sin Semáforo
58981,OBSERVATORIO VIAL,2019-01-17,22:10:00,CORRIENTES,18,CAPITAL,21,CORRIENTES,Urbana,Avenida,MAIPU,1699,,LAVALLE,-2.747.751,-5.883.017,1,1,0,2,0,Colisión entre vehículos,Colisión entre vehículos,S/D,,Angulo,2,Curva,,,SI,,Hormigón,,Apto,Seca,,Ninguna,,,,Si,Si,,Noche,SI,Sin Restricción,Despejado,Buena,,Funciona
49407,OBSERVATORIO VIAL,2019-01-16,10:15:00,CORRIENTES,18,CAPITAL,21,CORRIENTES,Urbana,Calle,LA RIOJA,1000,BELGRANO,,-2.747.193,-5.883.853,2,1,0,2,0,Colisión entre vehículos,Colisión entre vehículos,S/D,,Angulo,2,Recta,Intersección / cruce,,NO,,Asfalto,,Apto,Seca,,Ninguna,,,,Si,,,Día,NO,Sin Restricción,Nublado,Buena,,Sin Semáforo
49590,OBSERVATORIO VIAL,2019-01-16,5:00:00,CORRIENTES,18,CAPITAL,21,CORRIENTES,Urbana,Avenida,AV MAIPU,2000,MANANTIALES,,-2.749.618,-5.881.660,0,1,0,1,0,Caída desde vehículo,Caída desde vehículo,S/D,,,1,Recta,Intersección / cruce,,NO,,Hormigón,,,Seca,,Ninguna,,,,S/D,S/D,S/D,Noche,SI,Sin Restricción,Despejado,Buena,,Sin Semáforo
54936,OBSERVATORIO VIAL,2019-01-15,8:20:00,CORRIENTES,18,CAPITAL,21,CORRIENTES,Urbana,Avenida,AVENIDA ARTIGAS,1200,BELGRANO,,-2.747.389,-5.881.917,1,1,0,2,0,Colisión entre vehículos,Colisión entre vehículos,S/D,,Angulo,2,Recta,Intersección / cruce,,NO,,Asfalto,,Apto,Seca,,Ninguna,,,,Si,Si,No,Día,NO,,"Despejado, Viento",Buena,,Funciona
49375,OBSERVATORIO VIAL,2019-01-13,12:10:00,CORRIENTES,18,CAPITAL,21,CORRIENTES,Urbana,Calle,SUIZA,3100,RECONQUISTA,,-2.747.573,-5.881.273,1,1,0,2,0,"Caída desde vehículo, Colisión entre vehículos",Colisión entre vehículos,S/D,,,2,Recta,Intersección / cruce,,NO,,Asfalto,,Apto,Seca,,Ninguna,,,,S/D,S/D,,Día,NO,Sin Restricción,Despejado,Buena,,Sin Semáforo
49287,OBSERVATORIO VIAL,2019-01-13,9:30:00,CORRIENTES,18,CAPITAL,21,CORRIENTES,Urbana,Avenida,AV MAIPU,3500,8 DE mayo,,-2.750.068,-5.881.355,2,0,0,2,0,"Choque, Colisión entre vehículos",Colisión entre vehículos,S/D,,"Angulo, En calzada",2,Recta,Intersección / cruce,,NO,,Asfalto,,Apto,Seca,,Ninguna,,,,Si,No,No,Día,NO,Sin Restricción,Despejado,Buena,,Funciona
64182,OBSERVATORIO VIAL,2019-01-13,13:58:00,CORRIENTES,18,CAPITAL,21,CORRIENTES,Urbana,Avenida,PEDRO FERRE,1500,ROCA,,-2.747.739,-5.882.368,1,1,0,2,0,Colisión entre vehículos,Colisión entre vehículos,S/D,,Lateral,2,Recta,Intersección / cruce,,NO,,Hormigón,,Apto,Seca,,Ninguna,,,,Si,Si,No,Día,NO,Sin Restricción,Despejado,,,Funciona
58996,OBSERVATORIO VIAL,2019-01-12,17:50:00,CORRIENTES,18,CAPITAL,21,CORRIENTES,Urbana,Avenida,PEDRO FERRE,2600,,,-2.747.792,-5.881.983,2,0,0,2,0,Colisión entre vehículos,Colisión entre vehículos,S/D,,,2,Recta,,,NO,,Hormigón,,Apto,Seca,,Ninguna,,,,No,No,No,,NO,Sin Restricción,Despejado,Buena,,Sin Semáforo
67700,OBSERVATORIO VIAL,2019-01-12,8:15:00,CORRIENTES,18,CAPITAL,21,CORRIENTES,Urbana,Calle,25 DE mayo,1400,,,-2.746.464,-5.883.272,2,0,0,2,0,Colisión entre vehículos,Colisión entre vehículos,S/D,,,2,Recta,Intersección / cruce,,NO,,Asfalto,,Apto,Seca,,,,,,S/D,S/D,S/D,Día,NO,Sin Restricción,Despejado,Buena,,Sin Semáforo
49515,OBSERVATORIO VIAL,2019-01-12,8:15:00,CORRIENTES,18,CAPITAL,21,CORRIENTES,Urbana,Calle,HIPOLITO YRIGOYEN,450,,,-2.746.809,-5.884.491,2,1,0,3,0,"Choque, Colisión entre vehículos, Vuelco (solo 1 participante)",Colisión entre vehículos,S/D,,"En calzada, Multiple",3,Recta,,RECTA,NO,,Hormigón,,Apto,Seca,,Ninguna,,,,No,No,No,Día,NO,Sin Restricción,Nublado,Buena,,Sin Semáforo
49550,OBSERVATORIO VIAL,2019-01-12,23:30:00,CORRIENTES,18,CAPITAL,21,CORRIENTES,Urbana,Calle,ESPAÑA,1000,SAN MARTIN,,-2.747.049,-5.882.941,1,1,0,2,0,Colisión entre vehículos,Colisión entre vehículos,S/D,,Angulo,2,Recta,Intersección / cruce,,NO,,Asfalto,,Apto,Seca,,Ninguna,,,,S/D,S/D,S/D,Noche,SI,Sin Restricción,Despejado,Buena,,Sin Semáforo
58998,OBSERVATORIO VIAL,2019-01-11,10:10:00,CORRIENTES,18,CAPITAL,21,CORRIENTES,Urbana,Calle,RIVADAVIA,1500,MENDOZA,,-2.747.447,-5.883.635,2,0,0,2,0,Colisión entre vehículos,Colisión entre vehículos,S/D,,Alcance,2,Recta,Intersección / cruce,,NO,,Hormigón,,Baches,Seca,,Ninguna,,,,No,No,No,Día,NO,Sin Restricción,Despejado,Buena,,Sin Semáforo
54358,OBSERVATORIO VIAL,2019-01-11,17:50:00,CORRIENTES,18,CAPITAL,21,CORRIENTES,Urbana,Avenida,AVENIDA FERRE,1700,ESPAÑA,,-2.747.660,-5.883.003,6,0,0,4,0,Colisión entre vehículos,Colisión entre vehículos,S/D,,Alcance,4,Recta,Intersección / cruce,,NO,,Hormigón,,Apto,Seca,,Cordón Divisorio,,,,Si,Si,No,Día,NO,Sin Restricción,Despejado,Buena,,Funciona
49536,OBSERVATORIO VIAL,2019-01-06,1:35:00,CORRIENTES,18,CAPITAL,21,CORRIENTES,Urbana,Calle,MORENO,2000,,,-2.747.431,-5.882.599,2,0,0,2,0,Colisión entre vehículos,Colisión entre vehículos,S/D,,Angulo,2,Recta,Intersección / cruce,,NO,,Asfalto,,Apto,Seca,,Ninguna,,,,Si,No,No,Noche,SI,Sin Restricción,Despejado,Buena,,Sin Semáforo
49312,OBSERVATORIO VIAL,2019-01-05,18:30:00,CORRIENTES,18,CAPITAL,21,CORRIENTES,Urbana,Calle,LAMADRID,100,PASAJE MORGAN,,-2.747.985,-5.885.225,3,0,0,2,0,Colisión entre vehículos,Colisión entre vehículos,S/D,,Alcance,2,Recta,,,SI,,Asfalto,,Apto,Seca,,,,,,,,,Día,,,Despejado,Buena,,
62854,OBSERVATORIO VIAL,2019-01-04,9:30:00,CORRIENTES,18,CAPITAL,21,CORRIENTES,Urbana,Calle,LAS HERAS,2798,CHILE,,-2.748.274,-5.881.793,1,1,0,2,0,Colisión entre vehículos,Colisión entre vehículos,S/D,,Alcance,2,Recta,Intersección / cruce,,NO,,Hormigón,,Apto,Seca,,Cordón Divisorio,,,,No,No,No,Día,NO,Sin Restricción,Despejado,Buena,,Sin Semáforo
64184,OBSERVATORIO VIAL,2019-01-04,22:45:00,CORRIENTES,18,CAPITAL,21,CORRIENTES,Urbana,Avenida,INDEPENDENCIA,5098,GODOY CRUZ,,-2.748.385,-5.878.968,1,3,0,2,0,"Colisión entre vehículos, Vuelco (solo 1 participante)",Colisión entre vehículos,S/D,,,2,Recta,Intersección / cruce,,NO,,Hormigón,,Apto,Seca,,Cordón Divisorio,,,,Si,Si,No,Noche,SI,Sin Restricción,Despejado,Buena,,Funciona
49561,OBSERVATORIO VIAL,2019-01-03,16:45:00,CORRIENTES,18,CAPITAL,21,CORRIENTES,Urbana,Avenida,MEDRANO,4430,CAZADORES CORRENTINOS,,-2.748.772,-5.879.951,2,0,0,2,0,Colisión entre vehículos,Colisión entre vehículos,S/D,,Alcance,2,Recta,Intersección / cruce,,NO,,Hormigón,,Apto,Seca,,Cordón Divisorio,,,,Si,No,No,Día,NO,Sin Restricción,Despejado,Buena,,Funciona
54230,OBSERVATORIO VIAL,2019-01-03,10:30:00,CORRIENTES,18,CAPITAL,21,CORRIENTES,Urbana,Avenida,AVENIDA MAIPU,3100,LORETO,,-2.750.585,-5.881.112,1,1,0,2,0,Colisión entre vehículos,Colisión entre vehículos,S/D,,Alcance,2,Recta,Intersección / cruce,,NO,,Asfalto,,Apto,Seca,,Ninguna,,,,No,No,No,Día,NO,Sin Restricción,Despejado,Buena,,Sin Semáforo
54500,OBSERVATORIO VIAL,2019-01-02,10:30:00,CORRIENTES,18,CAPITAL,21,CORRIENTES,Urbana,Avenida,AV INDEPENDENCIA,4200,LAS PIEDRAS,,-2.748.079,-5.880.050,1,1,0,2,0,Colisión entre vehículos,Colisión entre vehículos,S/D,,Frontal,2,Recta,Intersección / cruce,,,,Asfalto,,Apto,Seca,,Ninguna,,,,Si,Si,Si,Día,SI,Sin Restricción,Despejado,Buena,,Funciona